operator_id,op_jobKind,op_qualifications_count,op_effectiveTime,op_popularity_score,op_has_CP,op_has_CN,workload_pressure_index,daily_perc_ortho,avg_patient_priority,daily_lifter_ratio,target_assN,target_assO,target_assCP,target_assMAC,target_assignments
524,0,5,480,8,0,0,0.8865248226950354,0.4090909090909091,9.25,0.06363636363636363,1,5,0,2,8
212,0,6,300,5,1,0,0.8865248226950354,0.4090909090909091,8.6,0.06363636363636363,1,3,0,1,5
32,1,3,140,4,0,1,0.8222222222222222,0.38461538461538464,9.666666666666666,0.07692307692307693,0,2,1,0,3
44,0,3,340,1,0,1,0.8222222222222222,0.38461538461538464,5.2,0.07692307692307693,3,2,0,0,5
48,0,3,330,3,0,1,0.8222222222222222,0.38461538461538464,5.714285714285714,0.07692307692307693,4,3,0,0,7
40,0,4,340,2,0,1,0.8222222222222222,0.38461538461538464,5.6,0.07692307692307693,3,2,0,0,5
435,0,3,340,7,0,1,0.8222222222222222,0.38461538461538464,6.0,0.07692307692307693,3,3,0,0,6
34,1,3,180,2,0,1,0.8222222222222222,0.38461538461538464,6.0,0.07692307692307693,1,1,0,0,2
35,0,3,270,4,0,1,0.8222222222222222,0.38461538461538464,5.0,0.07692307692307693,3,1,0,0,4
410,1,2,200,4,0,0,0.8222222222222222,0.38461538461538464,5.333333333333333,0.07692307692307693,2,1,0,0,3
38,0,4,280,4,0,1,0.8222222222222222,0.38461538461538464,4.5,0.07692307692307693,3,1,0,0,4
39,1,3,200,3,0,1,0.8222222222222222,0.38461538461538464,4.0,0.07692307692307693,3,0,0,0,3
46,0,3,350,4,1,0,0.8222222222222222,0.38461538461538464,5.333333333333333,0.07692307692307693,2,1,0,0,3
485,0,3,340,3,1,0,0.8222222222222222,0.38461538461538464,10.666666666666666,0.07692307692307693,1,1,4,0,6
31,1,3,200,3,0,1,0.8222222222222222,0.38461538461538464,5.333333333333333,0.07692307692307693,2,1,0,0,3
230,0,6,432,7,1,0,0.8865248226950354,0.4090909090909091,10.857142857142858,0.06363636363636363,2,1,0,4,7
50,0,3,340,5,0,1,0.8222222222222222,0.38461538461538464,5.6,0.07692307692307693,3,2,0,0,5
464,1,6,216,4,1,0,0.8865248226950354,0.4090909090909091,6.5,0.06363636363636363,1,3,0,0,4
228,0,6,432,5,1,0,0.8865248226950354,0.4090909090909091,11.5,0.06363636363636363,0,3,0,2,6
215,0,6,300,5,0,1,0.8865248226950354,0.4090909090909091,15.0,0.06363636363636363,0,0,0,5,6
216,0,6,300,5,1,0,0.8865248226950354,0.4090909090909091,6.8,0.06363636363636363,1,4,0,0,5
217,0,7,300,3,1,0,0.8865248226950354,0.4090909090909091,9.25,0.06363636363636363,0,3,0,1,4
210,0,6,402,4,1,0,0.8865248226950354,0.4090909090909091,7.0,0.06363636363636363,1,3,0,0,4
218,0,6,432,5,1,0,0.8865248226950354,0.4090909090909091,6.857142857142857,0.06363636363636363,2,5,0,0,7
220,0,6,432,7,1,0,0.8865248226950354,0.4090909090909091,13.0,0.06363636363636363,0,2,0,5,7
214,0,6,432,7,0,1,0.8865248226950354,0.4090909090909091,10.428571428571429,0.06363636363636363,1,3,0,2,7
227,0,6,480,6,1,0,0.8865248226950354,0.4090909090909091,5.5,0.06363636363636363,4,4,0,0,8
223,0,6,432,7,1,0,0.8865248226950354,0.4090909090909091,15.0,0.06363636363636363,0,0,0,7,7
313,1,6,216,4,1,0,0.8865248226950354,0.4090909090909091,6.0,0.06363636363636363,2,2,0,0,4
225,0,6,402,4,1,0,0.8865248226950354,0.4090909090909091,6.0,0.06363636363636363,2,2,0,0,4
29,1,3,200,3,0,1,0.8222222222222222,0.38461538461538464,4.666666666666667,0.07692307692307693,2,1,0,0,3
213,0,6,480,5,1,0,0.8865248226950354,0.4090909090909091,15.0,0.06363636363636363,0,0,0,2,2
232,0,6,432,7,1,0,0.8865248226950354,0.4090909090909091,15.0,0.06363636363636363,0,0,0,8,8
224,0,6,432,7,1,0,0.8865248226950354,0.4090909090909091,11.142857142857142,0.06363636363636363,1,2,0,3,7
31,1,3,200,3,0,1,0.8938992042440318,0.45454545454545453,5.333333333333333,0.07272727272727272,2,1,0,0,3
40,1,4,150,3,0,1,0.8938992042440318,0.45454545454545453,6.0,0.07272727272727272,2,2,0,0,4
158,0,2,340,2,0,0,0.8938992042440318,0.45454545454545453,6.4,0.07272727272727272,2,3,0,0,5
485,0,3,340,3,1,0,0.8938992042440318,0.45454545454545453,10.2,0.07272727272727272,1,1,3,0,5
46,1,3,150,4,1,0,0.8938992042440318,0.45454545454545453,5.0,0.07272727272727272,3,1,0,0,4
39,1,3,200,3,0,1,0.8938992042440318,0.45454545454545453,6.0,0.07272727272727272,2,2,0,0,4
38,0,4,280,4,0,1,0.8938992042440318,0.45454545454545453,5.25,0.07272727272727272,5,3,0,0,8
35,0,3,270,4,0,1,0.8938992042440318,0.45454545454545453,5.0,0.07272727272727272,3,1,0,0,4
29,1,3,200,3,0,1,0.8938992042440318,0.45454545454545453,4.666666666666667,0.07272727272727272,2,1,0,0,3
435,0,3,340,7,0,1,0.8938992042440318,0.45454545454545453,5.714285714285714,0.07272727272727272,4,3,0,0,7
44,0,3,340,2,0,1,0.8938992042440318,0.45454545454545453,5.2,0.07272727272727272,3,2,0,0,5
50,0,3,340,5,0,1,0.8938992042440318,0.45454545454545453,5.333333333333333,0.07272727272727272,4,2,0,0,6
52,0,2,280,1,0,0,0.8938992042440318,0.45454545454545453,8.0,0.07272727272727272,0,1,0,0,1
34,1,3,200,3,0,1,0.8938992042440318,0.45454545454545453,5.333333333333333,0.07272727272727272,2,1,0,0,3
32,1,3,140,4,0,1,0.8938992042440318,0.45454545454545453,8.0,0.07272727272727272,0,3,0,0,3
313,1,6,216,4,1,0,0.8906164757228587,0.40540540540540543,6.0,0.05405405405405406,2,2,0,0,4
232,0,6,432,7,1,0,0.8906164757228587,0.40540540540540543,15.0,0.05405405405405406,0,0,0,7,7
230,0,6,432,7,1,0,0.8906164757228587,0.40540540540540543,10.857142857142858,0.05405405405405406,2,1,0,4,7
227,0,6,480,6,1,0,0.8906164757228587,0.40540540540540543,7.0,0.05405405405405406,3,3,0,1,7
464,1,6,216,4,1,0,0.8906164757228587,0.40540540540540543,6.5,0.05405405405405406,1,3,0,0,4
225,0,6,402,4,1,0,0.8906164757228587,0.40540540540540543,6.0,0.05405405405405406,2,2,0,0,4
224,0,6,432,7,1,0,0.8906164757228587,0.40540540540540543,11.142857142857142,0.05405405405405406,1,2,0,3,7
223,0,6,432,7,1,0,0.8906164757228587,0.40540540540540543,15.0,0.05405405405405406,0,0,0,7,7
220,0,6,432,7,1,0,0.8906164757228587,0.40540540540540543,13.0,0.05405405405405406,0,2,0,5,7
221,0,6,480,6,1,0,0.8906164757228587,0.40540540540540543,10.0,0.05405405405405406,0,5,0,2,7
210,0,6,402,4,1,0,0.8906164757228587,0.40540540540540543,7.0,0.05405405405405406,1,3,0,0,4
228,0,6,432,5,1,0,0.8906164757228587,0.40540540540540543,10.833333333333334,0.05405405405405406,1,2,0,2,6
217,0,7,300,5,1,0,0.8906164757228587,0.40540540540540543,9.25,0.05405405405405406,0,3,0,1,4
216,0,6,300,5,1,0,0.8906164757228587,0.40540540540540543,8.2,0.05405405405405406,1,3,0,1,5
215,0,6,300,5,0,1,0.8906164757228587,0.40540540540540543,15.0,0.05405405405405406,0,0,0,4,5
214,0,6,432,6,0,1,0.8906164757228587,0.40540540540540543,10.428571428571429,0.05405405405405406,1,3,0,2,7
212,0,6,300,5,1,0,0.8906164757228587,0.40540540540540543,8.6,0.05405405405405406,1,3,0,1,5
524,0,5,480,8,0,0,0.8906164757228587,0.40540540540540543,9.428571428571429,0.05405405405405406,1,4,0,2,7
218,0,6,432,5,1,0,0.8906164757228587,0.40540540540540543,7.857142857142857,0.05405405405405406,2,4,0,1,7
217,0,7,300,5,1,0,0.8933442444080743,0.4107142857142857,9.0,0.05357142857142857,0,4,0,1,5
220,0,6,432,7,1,0,0.8933442444080743,0.4107142857142857,13.0,0.05357142857142857,0,2,0,5,7
218,0,6,432,5,1,0,0.8933442444080743,0.4107142857142857,5.666666666666667,0.05357142857142857,3,3,0,0,6
210,0,6,402,3,1,0,0.8933442444080743,0.4107142857142857,6.666666666666667,0.05357142857142857,1,2,0,0,3
216,0,6,300,5,1,0,0.8933442444080743,0.4107142857142857,8.2,0.05357142857142857,1,3,0,1,5
224,0,6,432,7,1,0,0.8933442444080743,0.4107142857142857,11.142857142857142,0.05357142857142857,1,2,0,3,7
214,0,6,432,7,0,1,0.8933442444080743,0.4107142857142857,10.428571428571429,0.05357142857142857,1,3,0,2,7
212,0,6,300,5,1,0,0.8933442444080743,0.4107142857142857,8.6,0.05357142857142857,1,3,0,1,5
524,0,5,480,7,0,0,0.8933442444080743,0.4107142857142857,9.428571428571429,0.05357142857142857,1,4,0,2,7
221,0,6,480,7,1,0,0.8933442444080743,0.4107142857142857,8.875,0.05357142857142857,0,7,0,1,8
215,0,6,300,5,0,1,0.8933442444080743,0.4107142857142857,15.0,0.05357142857142857,0,0,0,4,5
32,1,3,140,4,0,1,0.952247191011236,0.4482758620689655,6.666666666666667,0.06896551724137931,1,2,0,0,3
435,0,3,340,8,0,1,0.952247191011236,0.4482758620689655,5.714285714285714,0.06896551724137931,4,3,0,0,7
35,0,3,270,4,0,1,0.952247191011236,0.4482758620689655,4.333333333333333,0.06896551724137931,5,1,0,0,6
232,0,6,432,7,1,0,0.8933442444080743,0.4107142857142857,15.0,0.05357142857142857,0,0,0,8,8
230,0,6,432,7,1,0,0.8933442444080743,0.4107142857142857,10.857142857142858,0.05357142857142857,2,1,0,4,7
228,0,6,432,5,1,0,0.8933442444080743,0.4107142857142857,10.833333333333334,0.05357142857142857,1,2,0,2,6
213,0,6,480,5,1,0,0.8933442444080743,0.4107142857142857,9.666666666666666,0.05357142857142857,1,3,0,2,6
464,1,6,216,4,1,0,0.8933442444080743,0.4107142857142857,6.5,0.05357142857142857,1,3,0,0,4
313,1,6,216,4,1,0,0.8933442444080743,0.4107142857142857,6.0,0.05357142857142857,2,2,0,0,4
225,0,6,402,4,1,0,0.8933442444080743,0.4107142857142857,6.0,0.05357142857142857,2,2,0,0,4
29,1,3,200,3,0,1,0.952247191011236,0.4482758620689655,5.5,0.06896551724137931,2,2,0,0,4
223,0,6,432,8,1,0,0.8933442444080743,0.4107142857142857,15.0,0.05357142857142857,0,0,0,8,8
31,1,3,200,3,0,1,0.952247191011236,0.4482758620689655,6.0,0.06896551724137931,2,2,0,0,4
158,0,2,340,4,0,0,0.952247191011236,0.4482758620689655,5.25,0.06896551724137931,5,3,0,0,8
46,1,3,150,4,1,0,0.952247191011236,0.4482758620689655,5.333333333333333,0.06896551724137931,2,1,0,0,3
485,0,3,340,3,1,0,0.952247191011236,0.4482758620689655,8.428571428571429,0.06896551724137931,3,1,3,0,7
39,1,3,200,3,0,1,0.952247191011236,0.4482758620689655,6.666666666666667,0.06896551724137931,1,2,0,0,3
38,0,4,280,5,0,1,0.952247191011236,0.4482758620689655,6.25,0.06896551724137931,3,5,0,0,8
52,0,2,280,1,0,0,0.952247191011236,0.4482758620689655,8.0,0.06896551724137931,0,1,0,0,1
50,0,3,340,5,0,1,0.952247191011236,0.4482758620689655,5.142857142857143,0.06896551724137931,5,2,0,0,7
48,0,3,330,3,0,1,0.952247191011236,0.4482758620689655,5.6,0.06896551724137931,3,2,0,0,5
40,1,4,150,3,0,1,0.952247191011236,0.4482758620689655,6.0,0.06896551724137931,2,2,0,0,4
52,0,2,280,1,0,0,0.8928571428571429,0.4482758620689655,8.0,0.05172413793103448,0,1,0,0,1
34,0,3,340,3,0,1,0.8928571428571429,0.4482758620689655,6.4,0.05172413793103448,2,3,0,0,5
42,1,2,150,3,0,0,0.8928571428571429,0.4482758620689655,6.666666666666667,0.05172413793103448,1,2,0,0,3
39,1,3,200,2,0,1,0.8928571428571429,0.4482758620689655,5.0,0.05172413793103448,3,1,0,0,4
485,0,2,340,4,0,0,0.8928571428571429,0.4482758620689655,5.142857142857143,0.05172413793103448,5,2,0,0,7
410,1,2,200,2,0,0,0.8928571428571429,0.4482758620689655,5.0,0.05172413793103448,3,1,0,0,4
35,0,3,270,3,0,1,0.8928571428571429,0.4482758620689655,5.0,0.05172413793103448,3,1,0,0,4
158,0,2,340,4,0,0,0.8928571428571429,0.4482758620689655,6.0,0.05172413793103448,3,4,0,0,7
44,0,3,340,2,0,1,0.8928571428571429,0.4482758620689655,6.0,0.05172413793103448,3,3,0,0,6
32,1,4,140,3,1,1,0.8928571428571429,0.4482758620689655,10.75,0.05172413793103448,1,0,3,0,4
50,0,3,340,5,0,1,0.8928571428571429,0.4482758620689655,5.333333333333333,0.05172413793103448,2,1,0,0,3
38,0,4,280,5,0,1,0.8928571428571429,0.4482758620689655,6.0,0.05172413793103448,3,4,0,0,7
40,1,4,150,3,0,1,0.8928571428571429,0.4482758620689655,6.666666666666667,0.05172413793103448,1,2,0,0,3
29,1,3,200,3,0,1,0.8928571428571429,0.4482758620689655,5.5,0.05172413793103448,2,2,0,0,4
464,1,6,216,4,1,0,0.8613782051282052,0.41818181818181815,6.5,0.05454545454545454,1,3,0,0,4
313,1,6,216,1,1,0,0.8613782051282052,0.41818181818181815,8.0,0.05454545454545454,0,2,0,0,2
226,1,5,210,3,0,0,0.8613782051282052,0.41818181818181815,5.333333333333333,0.05454545454545454,2,1,0,0,3
224,0,6,432,7,1,0,0.8613782051282052,0.41818181818181815,11.142857142857142,0.05454545454545454,1,2,0,3,7
213,0,6,432,5,1,0,0.8613782051282052,0.41818181818181815,10.833333333333334,0.05454545454545454,1,2,0,3,6
223,0,6,432,7,1,0,0.8613782051282052,0.41818181818181815,15.0,0.05454545454545454,0,0,0,7,7
221,0,6,432,7,1,0,0.8613782051282052,0.41818181818181815,9.0,0.05454545454545454,0,6,0,1,7
220,0,6,480,6,1,0,0.8613782051282052,0.41818181818181815,13.0,0.05454545454545454,0,2,0,4,7
219,0,6,480,7,1,0,0.8613782051282052,0.41818181818181815,9.857142857142858,0.05454545454545454,2,2,0,3,7
218,0,6,480,5,1,0,0.8613782051282052,0.41818181818181815,7.833333333333333,0.05454545454545454,2,3,0,1,6
210,0,6,402,3,1,0,0.8613782051282052,0.41818181818181815,6.666666666666667,0.05454545454545454,1,2,0,0,3
217,0,7,300,5,1,0,0.8613782051282052,0.41818181818181815,9.0,0.05454545454545454,0,4,0,1,5
216,0,6,300,3,1,0,0.8613782051282052,0.41818181818181815,6.5,0.05454545454545454,1,3,0,0,4
215,0,6,300,5,0,1,0.8613782051282052,0.41818181818181815,15.0,0.05454545454545454,0,0,0,4,5
212,0,6,300,6,1,0,0.8613782051282052,0.41818181818181815,8.5,0.05454545454545454,1,4,0,1,6
211,0,6,300,6,0,1,0.8613782051282052,0.41818181818181815,15.0,0.05454545454545454,0,0,0,6,6
524,0,5,432,6,0,0,0.8613782051282052,0.41818181818181815,9.666666666666666,0.05454545454545454,1,3,0,1,6
227,0,6,432,5,1,0,0.8613782051282052,0.41818181818181815,6.333333333333333,0.05454545454545454,2,4,0,0,6
31,1,3,200,3,0,1,0.8928571428571429,0.4482758620689655,5.333333333333333,0.05172413793103448,2,1,0,0,3
228,0,6,480,5,1,0,0.8613782051282052,0.41818181818181815,10.0,0.05454545454545454,1,2,0,2,5
46,1,3,150,4,1,0,0.8928571428571429,0.4482758620689655,5.333333333333333,0.05172413793103448,2,1,0,0,3
43,0,4,280,0,0,1,0.8928571428571429,0.4482758620689655,5.333333333333333,0.05172413793103448,2,1,0,0,3
232,0,6,432,5,1,0,0.8613782051282052,0.41818181818181815,11.375,0.05454545454545454,2,1,0,5,8
43,0,4,280,2,0,1,0.9390243902439024,0.4915254237288136,6.666666666666667,0.03389830508474576,1,2,0,0,3
44,0,4,340,3,1,1,0.9390243902439024,0.4915254237288136,7.5,0.03389830508474576,2,3,1,0,6
435,0,3,340,5,0,1,0.9390243902439024,0.4915254237288136,5.142857142857143,0.03389830508474576,5,2,0,0,7
31,1,3,200,3,0,1,0.9390243902439024,0.4915254237288136,5.333333333333333,0.03389830508474576,2,1,0,0,3
34,1,3,180,3,0,1,0.9390243902439024,0.4915254237288136,6.666666666666667,0.03389830508474576,1,2,0,0,3
35,0,3,270,3,0,1,0.9390243902439024,0.4915254237288136,5.6,0.03389830508474576,3,2,0,0,5
410,1,2,200,3,0,0,0.9390243902439024,0.4915254237288136,6.0,0.03389830508474576,2,2,0,0,4
52,0,2,280,1,0,0,0.9390243902439024,0.4915254237288136,8.0,0.03389830508474576,0,1,0,0,1
38,0,4,280,5,0,1,0.9390243902439024,0.4915254237288136,6.25,0.03389830508474576,3,5,0,0,8
39,1,3,200,2,0,1,0.9390243902439024,0.4915254237288136,5.0,0.03389830508474576,3,1,0,0,4
46,1,3,150,3,1,0,0.9390243902439024,0.4915254237288136,5.333333333333333,0.03389830508474576,2,1,0,0,3
485,1,2,200,3,0,0,0.9390243902439024,0.4915254237288136,5.333333333333333,0.03389830508474576,2,1,0,0,3
158,0,2,340,4,0,0,0.9390243902439024,0.4915254237288136,6.0,0.03389830508474576,3,4,0,0,7
40,1,4,150,3,0,1,0.9390243902439024,0.4915254237288136,7.0,0.03389830508474576,1,3,0,0,4
42,1,2,150,3,0,0,0.9390243902439024,0.4915254237288136,6.0,0.03389830508474576,2,2,0,0,4
50,0,3,340,5,0,1,0.9390243902439024,0.4915254237288136,5.333333333333333,0.03389830508474576,4,2,0,0,6
29,1,3,200,3,0,1,0.9390243902439024,0.4915254237288136,4.666666666666667,0.03389830508474576,2,1,0,0,3
228,0,6,480,6,1,0,0.8602150537634409,0.4074074074074074,12.2,0.06481481481481481,0,2,0,3,5
212,0,6,300,5,1,0,0.8602150537634409,0.4074074074074074,8.6,0.06481481481481481,1,3,0,1,5
524,0,5,432,6,0,0,0.8602150537634409,0.4074074074074074,9.666666666666666,0.06481481481481481,1,3,0,2,6
211,0,6,300,6,0,1,0.8602150537634409,0.4074074074074074,15.0,0.06481481481481481,0,0,0,6,6
232,0,6,432,5,1,0,0.8602150537634409,0.4074074074074074,11.375,0.06481481481481481,2,1,0,5,8
214,0,6,432,7,0,1,0.8602150537634409,0.4074074074074074,10.428571428571429,0.06481481481481481,1,3,0,2,7
215,0,6,300,5,0,1,0.8602150537634409,0.4074074074074074,15.0,0.06481481481481481,0,0,0,4,5
216,0,6,300,3,1,0,0.8602150537634409,0.4074074074074074,6.5,0.06481481481481481,1,3,0,0,4
210,0,6,402,3,1,0,0.8602150537634409,0.4074074074074074,6.666666666666667,0.06481481481481481,1,2,0,0,3
218,0,6,480,4,1,0,0.8602150537634409,0.4074074074074074,7.8,0.06481481481481481,2,2,0,1,5
217,0,7,300,5,1,0,0.8602150537634409,0.4074074074074074,9.0,0.06481481481481481,0,4,0,1,5
221,0,6,432,7,1,0,0.8602150537634409,0.4074074074074074,9.0,0.06481481481481481,0,6,0,1,7
223,0,6,432,6,1,0,0.8602150537634409,0.4074074074074074,15.0,0.06481481481481481,0,0,0,6,6
213,0,6,432,6,1,0,0.8602150537634409,0.4074074074074074,10.5,0.06481481481481481,1,2,0,3,6
224,0,6,432,7,1,0,0.8602150537634409,0.4074074074074074,11.142857142857142,0.06481481481481481,1,2,0,3,7
226,1,5,210,3,0,0,0.8602150537634409,0.4074074074074074,5.333333333333333,0.06481481481481481,2,1,0,0,3
313,1,6,216,1,1,0,0.8602150537634409,0.4074074074074074,10.333333333333334,0.06481481481481481,0,2,0,1,3
464,1,6,216,4,1,0,0.8602150537634409,0.4074074074074074,6.5,0.06481481481481481,1,3,0,0,4
227,0,6,432,5,1,0,0.8602150537634409,0.4074074074074074,7.5,0.06481481481481481,2,3,0,0,6
219,0,6,480,7,1,0,0.8602150537634409,0.4074074074074074,9.857142857142858,0.06481481481481481,2,2,0,3,7
410,1,2,200,3,0,0,0.9312796208530806,0.5,5.333333333333333,0.03333333333333333,2,1,0,0,3
43,0,4,280,2,0,1,0.9312796208530806,0.5,7.0,0.03333333333333333,1,3,0,0,4
46,0,3,350,3,1,0,0.9312796208530806,0.5,5.333333333333333,0.03333333333333333,2,1,0,0,3
39,1,3,200,2,0,1,0.9312796208530806,0.5,5.0,0.03333333333333333,3,1,0,0,4
158,0,2,340,5,0,0,0.9312796208530806,0.5,6.142857142857143,0.03333333333333333,3,4,0,0,7
34,1,3,180,3,0,1,0.9312796208530806,0.5,6.666666666666667,0.03333333333333333,1,2,0,0,3
40,0,4,340,3,0,1,0.9312796208530806,0.5,5.375,0.03333333333333333,5,3,0,0,8
435,0,3,340,5,0,1,0.9312796208530806,0.5,6.0,0.03333333333333333,3,3,0,0,6
44,0,4,340,3,1,1,0.9312796208530806,0.5,6.666666666666667,0.03333333333333333,1,2,0,0,3
38,0,4,280,5,0,1,0.9312796208530806,0.5,6.571428571428571,0.03333333333333333,2,5,0,0,7
50,0,3,340,5,0,1,0.9312796208530806,0.5,5.142857142857143,0.03333333333333333,5,2,0,0,7
32,1,4,140,2,1,1,0.9312796208530806,0.5,7.0,0.03333333333333333,2,0,1,0,3
31,1,3,200,3,0,1,0.9312796208530806,0.5,6.666666666666667,0.03333333333333333,1,2,0,0,3
485,0,2,340,4,0,0,0.9312796208530806,0.5,5.333333333333333,0.03333333333333333,4,2,0,0,6
29,1,3,200,3,0,1,0.9312796208530806,0.5,4.666666666666667,0.03333333333333333,2,1,0,0,3
42,1,2,150,3,0,0,0.9312796208530806,0.5,7.2,0.03333333333333333,1,4,0,0,5
216,0,6,300,3,1,0,0.8942414174972314,0.39090909090909093,6.8,0.06363636363636363,1,4,0,0,5
211,0,6,300,6,0,1,0.8942414174972314,0.39090909090909093,15.0,0.06363636363636363,0,0,0,6,6
212,0,6,300,4,1,0,0.8942414174972314,0.39090909090909093,8.6,0.06363636363636363,1,3,0,1,5
214,0,6,432,6,0,1,0.8942414174972314,0.39090909090909093,10.833333333333334,0.06363636363636363,1,2,0,2,6
215,0,6,300,5,0,1,0.8942414174972314,0.39090909090909093,15.0,0.06363636363636363,0,0,0,4,5
217,0,7,300,5,1,0,0.8942414174972314,0.39090909090909093,9.0,0.06363636363636363,0,4,0,1,5
210,0,6,402,3,1,0,0.8942414174972314,0.39090909090909093,8.75,0.06363636363636363,1,2,0,1,4
219,0,6,480,7,1,0,0.8942414174972314,0.39090909090909093,10.5,0.06363636363636363,2,2,0,4,8
220,0,6,480,7,1,0,0.8942414174972314,0.39090909090909093,13.0,0.06363636363636363,0,2,0,5,7
221,0,6,432,6,1,0,0.8942414174972314,0.39090909090909093,9.166666666666666,0.06363636363636363,0,5,0,1,6
213,0,6,432,7,1,0,0.8942414174972314,0.39090909090909093,9.571428571428571,0.06363636363636363,2,2,0,3,7
224,0,6,432,7,1,0,0.8942414174972314,0.39090909090909093,11.142857142857142,0.06363636363636363,1,2,0,3,7
223,0,6,432,6,1,0,0.8942414174972314,0.39090909090909093,15.0,0.06363636363636363,0,0,0,6,6
464,1,6,216,4,1,0,0.8942414174972314,0.39090909090909093,6.5,0.06363636363636363,1,3,0,0,4
228,0,6,480,6,1,0,0.8942414174972314,0.39090909090909093,12.2,0.06363636363636363,0,2,0,2,5
230,0,6,432,3,1,0,0.8942414174972314,0.39090909090909093,6.0,0.06363636363636363,3,3,0,0,6
232,0,6,432,5,1,0,0.8942414174972314,0.39090909090909093,11.625,0.06363636363636363,1,2,0,5,8
524,0,5,432,5,0,0,0.8942414174972314,0.39090909090909093,6.0,0.06363636363636363,3,3,0,0,6
226,1,5,210,3,0,0,0.8942414174972314,0.39090909090909093,6.0,0.06363636363636363,2,2,0,0,4
224,0,6,432,7,1,0,0.8561827956989247,0.3853211009174312,11.142857142857142,0.06422018348623854,1,2,0,3,7
464,1,6,216,4,1,0,0.8561827956989247,0.3853211009174312,6.5,0.06422018348623854,1,3,0,0,4
227,0,6,432,5,1,0,0.8561827956989247,0.3853211009174312,5.666666666666667,0.06422018348623854,3,3,0,0,6
313,1,6,216,1,1,0,0.8561827956989247,0.3853211009174312,8.0,0.06422018348623854,0,3,0,0,3
230,0,6,432,4,1,0,0.8561827956989247,0.3853211009174312,6.666666666666667,0.06422018348623854,2,4,0,0,6
217,0,7,300,5,1,0,0.8561827956989247,0.3853211009174312,9.0,0.06422018348623854,0,4,0,1,5
32,1,4,140,2,1,1,0.8907766990291263,0.4642857142857143,13.0,0.03571428571428571,0,0,3,0,3
226,1,5,210,4,0,0,0.8561827956989247,0.3853211009174312,6.0,0.06422018348623854,2,2,0,0,4
213,0,6,432,6,1,0,0.8561827956989247,0.3853211009174312,10.5,0.06422018348623854,1,2,0,3,6
220,0,6,480,7,1,0,0.8561827956989247,0.3853211009174312,13.0,0.06422018348623854,0,2,0,5,7
221,0,6,432,6,1,0,0.8561827956989247,0.3853211009174312,8.5,0.06422018348623854,1,4,0,1,6
219,0,6,480,7,1,0,0.8561827956989247,0.3853211009174312,10.5,0.06422018348623854,2,2,0,4,8
218,0,6,480,3,1,0,0.8561827956989247,0.3853211009174312,10.166666666666666,0.06422018348623854,2,1,0,2,6
44,0,4,340,3,1,1,0.8907766990291263,0.4642857142857143,5.75,0.03571428571428571,2,2,0,0,4
524,0,5,432,5,0,0,0.8561827956989247,0.3853211009174312,11.875,0.06422018348623854,1,2,0,5,8
211,0,6,300,6,0,1,0.8561827956989247,0.3853211009174312,15.0,0.06422018348623854,0,0,0,6,6
212,0,6,300,4,1,0,0.8561827956989247,0.3853211009174312,8.75,0.06422018348623854,1,2,0,1,4
214,0,6,432,7,0,1,0.8561827956989247,0.3853211009174312,10.428571428571429,0.06422018348623854,1,3,0,2,7
215,0,6,300,5,0,1,0.8561827956989247,0.3853211009174312,15.0,0.06422018348623854,0,0,0,4,5
216,0,6,300,3,1,0,0.8561827956989247,0.3853211009174312,6.0,0.06422018348623854,1,2,0,0,3
223,0,6,432,6,1,0,0.8561827956989247,0.3853211009174312,15.0,0.06422018348623854,0,0,0,6,6
435,0,3,340,5,0,1,0.8907766990291263,0.4642857142857143,6.0,0.03571428571428571,3,3,0,0,6
210,0,6,402,2,1,0,0.8561827956989247,0.3853211009174312,6.0,0.06422018348623854,1,1,0,0,2
50,0,3,340,5,0,1,0.8907766990291263,0.4642857142857143,5.333333333333333,0.03571428571428571,4,2,0,0,6
43,0,4,280,2,0,1,0.8907766990291263,0.4642857142857143,6.666666666666667,0.03571428571428571,1,2,0,0,3
29,1,3,200,3,0,1,0.8907766990291263,0.4642857142857143,4.666666666666667,0.03571428571428571,2,1,0,0,3
42,0,2,340,2,0,0,0.8907766990291263,0.4642857142857143,6.4,0.03571428571428571,2,3,0,0,5
31,1,3,200,3,0,1,0.8907766990291263,0.4642857142857143,7.0,0.03571428571428571,1,3,0,0,4
40,1,4,150,2,0,1,0.8907766990291263,0.4642857142857143,6.0,0.03571428571428571,2,2,0,0,4
410,1,2,200,3,0,0,0.8907766990291263,0.4642857142857143,5.0,0.03571428571428571,3,1,0,0,4
485,0,2,340,4,0,0,0.8907766990291263,0.4642857142857143,5.6,0.03571428571428571,3,2,0,0,5
46,1,3,150,1,1,0,0.8907766990291263,0.4642857142857143,4.8,0.03571428571428571,4,1,0,0,5
158,0,3,340,4,1,0,0.8907766990291263,0.4642857142857143,10.142857142857142,0.03571428571428571,1,2,4,0,7
52,0,2,280,1,0,0,0.8907766990291263,0.4642857142857143,8.0,0.03571428571428571,0,1,0,0,1
39,1,3,200,3,0,1,0.8907766990291263,0.4642857142857143,6.0,0.03571428571428571,2,2,0,0,4
38,0,4,280,5,0,1,0.8907766990291263,0.4642857142857143,6.333333333333333,0.03571428571428571,2,4,0,0,6
32,1,4,140,2,1,1,0.8214285714285714,0.4528301886792453,13.0,0.03773584905660377,0,0,3,0,3
44,0,4,340,4,1,1,0.8214285714285714,0.4528301886792453,5.2,0.03773584905660377,3,2,0,0,5
435,0,3,340,5,0,1,0.8214285714285714,0.4528301886792453,6.0,0.03773584905660377,3,3,0,0,6
35,0,3,270,2,0,1,0.8214285714285714,0.4528301886792453,5.0,0.03773584905660377,3,1,0,0,4
410,1,2,200,3,0,0,0.8214285714285714,0.4528301886792453,5.333333333333333,0.03773584905660377,2,1,0,0,3
50,0,3,340,4,0,1,0.8214285714285714,0.4528301886792453,5.6,0.03773584905660377,3,2,0,0,5
52,0,2,280,1,0,0,0.8214285714285714,0.4528301886792453,8.0,0.03773584905660377,0,1,0,0,1
38,0,4,280,5,0,1,0.8214285714285714,0.4528301886792453,6.333333333333333,0.03773584905660377,2,4,0,0,6
39,1,3,200,3,0,1,0.8214285714285714,0.4528301886792453,6.0,0.03773584905660377,1,1,0,0,2
46,1,3,150,1,1,0,0.8214285714285714,0.4528301886792453,4.0,0.03773584905660377,3,0,0,0,3
485,0,2,340,4,0,0,0.8214285714285714,0.4528301886792453,6.4,0.03773584905660377,2,3,0,0,5
158,0,3,340,4,1,0,0.8214285714285714,0.4528301886792453,12.0,0.03773584905660377,0,1,4,0,5
40,1,4,150,1,0,1,0.8214285714285714,0.4528301886792453,6.666666666666667,0.03773584905660377,1,2,0,0,3
31,1,3,200,3,0,1,0.8214285714285714,0.4528301886792453,7.0,0.03773584905660377,1,3,0,0,4
42,1,2,150,1,0,0,0.8214285714285714,0.4528301886792453,6.0,0.03773584905660377,1,1,0,0,2
29,1,3,200,3,0,1,0.8214285714285714,0.4528301886792453,4.666666666666667,0.03773584905660377,2,1,0,0,3
43,0,4,280,2,0,1,0.8214285714285714,0.4528301886792453,6.0,0.03773584905660377,2,2,0,0,4
524,0,5,432,4,0,0,0.9059139784946236,0.39473684210526316,10.428571428571429,0.06140350877192982,1,3,0,3,7
211,0,6,300,6,0,1,0.9059139784946236,0.39473684210526316,15.0,0.06140350877192982,0,0,0,6,6
232,0,6,432,5,1,0,0.9059139784946236,0.39473684210526316,11.875,0.06140350877192982,1,2,0,5,8
214,0,6,432,7,0,1,0.9059139784946236,0.39473684210526316,10.428571428571429,0.06140350877192982,1,3,0,2,7
230,0,6,432,5,1,0,0.9059139784946236,0.39473684210526316,5.666666666666667,0.06140350877192982,3,3,0,0,6
228,0,6,480,7,1,0,0.9059139784946236,0.39473684210526316,12.666666666666666,0.06140350877192982,0,2,0,2,6
212,0,6,300,4,1,0,0.9059139784946236,0.39473684210526316,10.0,0.06140350877192982,1,2,0,2,5
464,1,6,216,4,1,0,0.9059139784946236,0.39473684210526316,6.5,0.06140350877192982,1,3,0,0,4
313,1,6,216,1,1,0,0.9059139784946236,0.39473684210526316,6.0,0.06140350877192982,2,2,0,0,4
226,1,5,210,4,0,0,0.9059139784946236,0.39473684210526316,6.0,0.06140350877192982,2,2,0,0,4
224,0,6,432,7,1,0,0.9059139784946236,0.39473684210526316,11.142857142857142,0.06140350877192982,1,2,0,3,7
213,0,6,432,6,1,0,0.9059139784946236,0.39473684210526316,10.5,0.06140350877192982,1,2,0,3,6
221,0,6,432,7,1,0,0.9059139784946236,0.39473684210526316,8.428571428571429,0.06140350877192982,1,5,0,1,7
220,0,6,480,7,1,0,0.9059139784946236,0.39473684210526316,11.875,0.06140350877192982,1,2,0,5,8
227,0,6,432,6,1,0,0.9059139784946236,0.39473684210526316,12.0,0.06140350877192982,0,3,0,4,7
210,0,6,402,1,1,0,0.9059139784946236,0.39473684210526316,4.0,0.06140350877192982,1,0,0,0,1
217,0,7,300,5,1,0,0.9059139784946236,0.39473684210526316,9.0,0.06140350877192982,0,4,0,1,5
216,0,6,300,4,1,0,0.9059139784946236,0.39473684210526316,8.2,0.06140350877192982,1,3,0,1,5
215,0,6,300,5,0,1,0.9059139784946236,0.39473684210526316,15.0,0.06140350877192982,0,0,0,4,5
218,0,6,480,4,1,0,0.9059139784946236,0.39473684210526316,9.0,0.06140350877192982,2,2,0,2,6
485,0,2,340,4,0,0,0.7800511508951407,0.4166666666666667,5.333333333333333,0.020833333333333332,2,1,0,0,3
232,0,6,480,6,1,0,0.8087307595256119,0.4144144144144144,14.0,0.05405405405405406,0,1,0,6,7
230,0,6,432,4,1,0,0.8087307595256119,0.4144144144144144,10.833333333333334,0.05405405405405406,1,2,0,2,6
228,0,6,432,6,1,0,0.8087307595256119,0.4144144144144144,11.5,0.05405405405405406,0,2,0,1,4
227,0,6,480,6,1,0,0.8087307595256119,0.4144144144144144,7.0,0.05405405405405406,3,3,0,1,7
464,1,6,216,4,1,0,0.8087307595256119,0.4144144144144144,6.5,0.05405405405405406,1,3,0,0,4
313,1,6,216,3,1,0,0.8087307595256119,0.4144144144144144,8.0,0.05405405405405406,0,4,0,0,4
226,1,5,210,6,0,0,0.8087307595256119,0.4144144144144144,6.5,0.05405405405405406,1,3,0,0,4
225,0,6,402,2,1,0,0.8087307595256119,0.4144144144144144,4.0,0.05405405405405406,2,0,0,0,2
213,0,6,432,5,1,0,0.8087307595256119,0.4144144144144144,9.6,0.05405405405405406,1,2,0,2,5
212,0,6,300,3,1,0,0.8087307595256119,0.4144144144144144,8.75,0.05405405405405406,1,2,0,1,4
221,0,6,432,7,1,0,0.8087307595256119,0.4144144144144144,8.428571428571429,0.05405405405405406,1,5,0,1,7
211,0,6,300,6,0,1,0.8087307595256119,0.4144144144144144,15.0,0.05405405405405406,0,0,0,6,6
524,0,5,432,7,0,0,0.8087307595256119,0.4144144144144144,10.833333333333334,0.05405405405405406,1,2,0,2,6
217,0,7,300,5,1,0,0.8087307595256119,0.4144144144144144,9.0,0.05405405405405406,0,4,0,1,5
210,0,6,402,2,1,0,0.8087307595256119,0.4144144144144144,6.0,0.05405405405405406,1,1,0,0,2
218,0,6,432,4,1,0,0.8087307595256119,0.4144144144144144,7.8,0.05405405405405406,2,2,0,1,5
219,0,6,432,7,1,0,0.8087307595256119,0.4144144144144144,9.857142857142858,0.05405405405405406,2,2,0,3,7
220,0,6,432,7,1,0,0.8087307595256119,0.4144144144144144,13.0,0.05405405405405406,0,2,0,5,7
216,0,6,300,3,1,0,0.8087307595256119,0.4144144144144144,8.2,0.05405405405405406,1,3,0,1,5
223,0,6,432,7,1,0,0.8087307595256119,0.4144144144144144,15.0,0.05405405405405406,0,0,0,7,7
214,0,6,432,7,0,1,0.8087307595256119,0.4144144144144144,10.428571428571429,0.05405405405405406,1,3,0,2,7
46,1,3,150,1,1,0,0.7800511508951407,0.4166666666666667,4.0,0.020833333333333332,2,0,0,0,2
44,0,3,340,4,0,1,0.7800511508951407,0.4166666666666667,6.0,0.020833333333333332,2,2,0,0,4
42,1,2,150,2,0,0,0.7800511508951407,0.4166666666666667,6.0,0.020833333333333332,1,1,0,0,2
31,1,3,200,2,0,1,0.7800511508951407,0.4166666666666667,6.666666666666667,0.020833333333333332,1,2,0,0,3
40,1,4,150,1,0,1,0.7800511508951407,0.4166666666666667,5.333333333333333,0.020833333333333332,2,1,0,0,3
32,1,3,140,2,0,1,0.7800511508951407,0.4166666666666667,6.0,0.020833333333333332,1,1,0,0,2
50,0,4,340,3,1,1,0.7800511508951407,0.4166666666666667,9.222222222222221,0.020833333333333332,3,1,5,0,9
38,0,4,280,3,0,1,0.7800511508951407,0.4166666666666667,5.2,0.020833333333333332,3,2,0,0,5
29,1,3,200,3,0,1,0.7800511508951407,0.4166666666666667,6.666666666666667,0.020833333333333332,1,2,0,0,3
158,0,2,340,4,0,0,0.7800511508951407,0.4166666666666667,6.333333333333333,0.020833333333333332,2,4,0,0,6
35,0,3,270,3,0,1,0.7800511508951407,0.4166666666666667,6.0,0.020833333333333332,1,1,0,0,2
48,0,3,330,2,0,1,0.7800511508951407,0.4166666666666667,4.0,0.020833333333333332,3,0,0,0,3
52,0,2,280,1,0,0,0.7800511508951407,0.4166666666666667,8.0,0.020833333333333332,0,1,0,0,1
39,1,3,200,2,0,1,0.7800511508951407,0.4166666666666667,4.0,0.020833333333333332,3,0,0,0,3
410,1,2,200,3,0,0,0.7800511508951407,0.4166666666666667,6.0,0.020833333333333332,2,2,0,0,4
216,0,6,300,3,1,0,0.8846048673776319,0.41964285714285715,6.8,0.044642857142857144,1,4,0,0,5
39,1,4,200,2,1,1,0.8720626631853786,0.45098039215686275,13.0,0.0196078431372549,0,0,4,0,4
38,0,4,280,3,0,1,0.8720626631853786,0.45098039215686275,5.666666666666667,0.0196078431372549,3,3,0,0,6
52,0,2,280,1,0,0,0.8720626631853786,0.45098039215686275,8.0,0.0196078431372549,0,1,0,0,1
50,0,4,340,3,1,1,0.8720626631853786,0.45098039215686275,10.666666666666666,0.0196078431372549,1,1,4,0,6
410,1,2,200,2,0,0,0.8720626631853786,0.45098039215686275,5.333333333333333,0.0196078431372549,2,1,0,0,3
35,0,3,270,2,0,1,0.8720626631853786,0.45098039215686275,9.5,0.0196078431372549,1,1,2,0,4
158,0,2,340,3,0,0,0.8720626631853786,0.45098039215686275,6.0,0.0196078431372549,3,4,0,0,7
485,1,2,200,4,0,0,0.8720626631853786,0.45098039215686275,6.666666666666667,0.0196078431372549,1,2,0,0,3
435,0,3,340,3,0,1,0.8720626631853786,0.45098039215686275,5.6,0.0196078431372549,3,2,0,0,5
43,1,4,200,3,0,1,0.8720626631853786,0.45098039215686275,6.0,0.0196078431372549,2,2,0,0,4
44,0,3,340,2,0,1,0.8720626631853786,0.45098039215686275,5.6,0.0196078431372549,3,2,0,0,5
46,1,3,150,2,1,0,0.8720626631853786,0.45098039215686275,6.0,0.0196078431372549,2,2,0,0,4
32,1,3,140,1,0,1,0.8720626631853786,0.45098039215686275,6.666666666666667,0.0196078431372549,1,2,0,0,3
230,0,6,432,4,1,0,0.8846048673776319,0.41964285714285715,11.0,0.044642857142857144,1,3,0,4,8
228,0,6,432,5,1,0,0.8846048673776319,0.41964285714285715,11.5,0.044642857142857144,0,3,0,2,6
227,0,6,480,6,1,0,0.8846048673776319,0.41964285714285715,7.0,0.044642857142857144,3,3,0,1,7
464,1,6,216,4,1,0,0.8846048673776319,0.41964285714285715,6.5,0.044642857142857144,1,3,0,0,4
215,0,6,300,5,0,1,0.8846048673776319,0.41964285714285715,15.0,0.044642857142857144,0,0,0,4,5
214,0,6,432,7,0,1,0.8846048673776319,0.41964285714285715,10.428571428571429,0.044642857142857144,1,3,0,2,7
212,0,6,300,5,1,0,0.8846048673776319,0.41964285714285715,10.0,0.044642857142857144,1,2,0,2,5
211,0,6,300,5,0,1,0.8846048673776319,0.41964285714285715,15.0,0.044642857142857144,0,0,0,5,5
524,0,5,432,7,0,0,0.8846048673776319,0.41964285714285715,10.833333333333334,0.044642857142857144,1,2,0,2,6
218,0,6,432,4,1,0,0.8846048673776319,0.41964285714285715,7.857142857142857,0.044642857142857144,2,4,0,1,7
210,0,6,402,2,1,0,0.8846048673776319,0.41964285714285715,5.333333333333333,0.044642857142857144,2,1,0,0,3
219,0,6,432,7,1,0,0.8846048673776319,0.41964285714285715,9.857142857142858,0.044642857142857144,2,2,0,3,7
31,1,3,200,2,0,1,0.8720626631853786,0.45098039215686275,6.666666666666667,0.0196078431372549,1,2,0,0,3
223,0,6,432,7,1,0,0.8846048673776319,0.41964285714285715,15.0,0.044642857142857144,0,0,0,7,7
213,0,6,432,6,1,0,0.8846048673776319,0.41964285714285715,11.5,0.044642857142857144,0,3,0,3,6
225,0,6,402,2,1,0,0.8846048673776319,0.41964285714285715,7.75,0.044642857142857144,2,1,0,1,4
226,1,5,210,6,0,0,0.8846048673776319,0.41964285714285715,6.5,0.044642857142857144,1,3,0,0,4
313,1,6,216,4,1,0,0.8846048673776319,0.41964285714285715,8.0,0.044642857142857144,0,4,0,0,4
220,0,6,432,7,1,0,0.8846048673776319,0.41964285714285715,13.0,0.044642857142857144,0,2,0,5,7
42,1,2,150,2,0,0,0.8720626631853786,0.45098039215686275,6.0,0.0196078431372549,1,1,0,0,2
217,0,7,300,5,1,0,0.8846048673776319,0.41964285714285715,9.0,0.044642857142857144,0,4,0,1,5
29,1,3,200,2,0,1,0.8720626631853786,0.45098039215686275,6.666666666666667,0.0196078431372549,1,2,0,0,3
32,1,3,140,1,0,1,0.7890995260663507,0.4230769230769231,6.666666666666667,0.019230769230769232,1,2,0,0,3
226,1,5,210,4,0,0,0.8586272901285207,0.42201834862385323,6.5,0.045871559633027525,1,3,0,0,4
225,0,6,402,2,1,0,0.8586272901285207,0.42201834862385323,4.0,0.045871559633027525,2,0,0,0,2
213,0,6,432,5,1,0,0.8586272901285207,0.42201834862385323,9.666666666666666,0.045871559633027525,1,3,0,2,6
223,0,6,432,7,1,0,0.8586272901285207,0.42201834862385323,15.0,0.045871559633027525,0,0,0,7,7
221,0,6,432,7,1,0,0.8586272901285207,0.42201834862385323,8.428571428571429,0.045871559633027525,1,5,0,1,7
220,0,6,432,7,1,0,0.8586272901285207,0.42201834862385323,13.0,0.045871559633027525,0,2,0,5,7
464,1,6,216,4,1,0,0.8586272901285207,0.42201834862385323,6.5,0.045871559633027525,1,3,0,0,4
219,0,6,432,7,1,0,0.8586272901285207,0.42201834862385323,9.857142857142858,0.045871559633027525,2,2,0,3,7
217,0,7,300,5,1,0,0.8586272901285207,0.42201834862385323,9.0,0.045871559633027525,0,4,0,1,5
216,0,6,300,4,1,0,0.8586272901285207,0.42201834862385323,6.8,0.045871559633027525,1,4,0,0,5
215,0,6,300,5,0,1,0.8586272901285207,0.42201834862385323,15.0,0.045871559633027525,0,0,0,4,5
214,0,6,432,7,0,1,0.8586272901285207,0.42201834862385323,10.428571428571429,0.045871559633027525,1,3,0,2,7
212,0,6,300,5,1,0,0.8586272901285207,0.42201834862385323,10.0,0.045871559633027525,1,2,0,2,5
211,0,6,300,5,0,1,0.8586272901285207,0.42201834862385323,15.0,0.045871559633027525,0,0,0,5,5
524,0,5,432,5,0,0,0.8586272901285207,0.42201834862385323,12.0,0.045871559633027525,1,1,0,3,6
210,0,6,402,2,1,0,0.8586272901285207,0.42201834862385323,6.666666666666667,0.045871559633027525,1,2,0,0,3
228,0,6,432,5,1,0,0.8586272901285207,0.42201834862385323,10.833333333333334,0.045871559633027525,1,2,0,2,6
313,1,6,216,4,1,0,0.8586272901285207,0.42201834862385323,8.0,0.045871559633027525,0,4,0,0,4
232,0,6,480,6,1,0,0.8586272901285207,0.42201834862385323,11.375,0.045871559633027525,2,1,0,5,8
44,0,3,340,2,0,1,0.7890995260663507,0.4230769230769231,6.666666666666667,0.019230769230769232,1,2,0,0,3
435,0,3,340,3,0,1,0.7890995260663507,0.4230769230769231,5.6,0.019230769230769232,3,2,0,0,5
410,1,2,200,2,0,0,0.7890995260663507,0.4230769230769231,5.333333333333333,0.019230769230769232,2,1,0,0,3
48,0,3,330,2,0,1,0.7890995260663507,0.4230769230769231,4.0,0.019230769230769232,2,0,0,0,2
50,0,4,340,2,1,1,0.7890995260663507,0.4230769230769231,12.166666666666666,0.019230769230769232,0,1,5,0,6
230,0,6,432,3,1,0,0.8586272901285207,0.42201834862385323,7.0,0.045871559633027525,1,5,0,0,6
38,0,4,280,3,0,1,0.7890995260663507,0.4230769230769231,5.2,0.019230769230769232,3,2,0,0,5
39,1,4,200,2,1,1,0.7890995260663507,0.4230769230769231,13.0,0.019230769230769232,0,0,5,0,5
52,0,2,280,0,0,0,0.7890995260663507,0.4230769230769231,8.0,0.019230769230769232,0,1,0,0,1
158,0,2,340,4,0,0,0.7890995260663507,0.4230769230769231,5.666666666666667,0.019230769230769232,3,3,0,0,6
40,0,4,340,2,0,1,0.7890995260663507,0.4230769230769231,6.285714285714286,0.019230769230769232,3,4,0,0,7
43,1,4,200,3,0,1,0.7890995260663507,0.4230769230769231,6.0,0.019230769230769232,2,2,0,0,4
31,1,3,200,2,0,1,0.7890995260663507,0.4230769230769231,6.0,0.019230769230769232,1,1,0,0,2
42,1,2,150,2,0,0,0.7890995260663507,0.4230769230769231,6.0,0.019230769230769232,1,1,0,0,2
29,1,3,200,2,0,1,0.7890995260663507,0.4230769230769231,6.666666666666667,0.019230769230769232,1,2,0,0,3
485,0,2,340,4,0,0,0.7890995260663507,0.4230769230769231,6.666666666666667,0.019230769230769232,2,4,0,0,6
524,0,5,432,6,0,0,0.8405911850092372,0.4090909090909091,10.428571428571429,0.06363636363636363,1,3,0,2,7
214,0,6,432,7,0,1,0.8405911850092372,0.4090909090909091,10.428571428571429,0.06363636363636363,1,3,0,2,7
215,0,6,300,5,0,1,0.8405911850092372,0.4090909090909091,15.0,0.06363636363636363,0,0,0,4,5
216,0,6,300,4,1,0,0.8405911850092372,0.4090909090909091,6.8,0.06363636363636363,1,4,0,0,5
217,0,7,300,5,1,0,0.8405911850092372,0.4090909090909091,9.0,0.06363636363636363,0,4,0,1,5
210,0,6,402,2,1,0,0.8405911850092372,0.4090909090909091,6.666666666666667,0.06363636363636363,1,2,0,0,3
225,0,6,402,2,1,0,0.8405911850092372,0.4090909090909091,4.0,0.06363636363636363,2,0,0,0,2
219,0,6,432,7,1,0,0.8405911850092372,0.4090909090909091,9.857142857142858,0.06363636363636363,2,2,0,3,7
230,0,6,432,3,1,0,0.8405911850092372,0.4090909090909091,8.0,0.06363636363636363,0,1,0,0,1
32,1,3,140,2,0,1,0.8717277486910995,0.3888888888888889,5.0,0.018518518518518517,3,1,0,0,4
435,0,3,340,4,0,1,0.8717277486910995,0.3888888888888889,5.333333333333333,0.018518518518518517,2,1,0,0,3
35,0,3,270,3,0,1,0.8717277486910995,0.3888888888888889,6.0,0.018518518518518517,2,2,0,0,4
232,0,6,480,6,1,0,0.8405911850092372,0.4090909090909091,15.0,0.06363636363636363,0,0,0,7,8
410,1,2,200,2,0,0,0.8717277486910995,0.3888888888888889,6.0,0.018518518518518517,2,2,0,0,4
50,0,4,340,2,1,1,0.8717277486910995,0.3888888888888889,11.0,0.018518518518518517,1,1,5,0,7
52,0,2,280,1,0,0,0.8717277486910995,0.3888888888888889,8.0,0.018518518518518517,0,1,0,0,1
38,0,4,280,2,0,1,0.8717277486910995,0.3888888888888889,6.0,0.018518518518518517,3,4,0,0,7
39,1,4,200,1,1,1,0.8717277486910995,0.3888888888888889,13.0,0.018518518518518517,0,0,5,0,5
485,0,2,340,4,0,0,0.8717277486910995,0.3888888888888889,6.285714285714286,0.018518518518518517,3,4,0,0,7
158,0,2,340,4,0,0,0.8717277486910995,0.3888888888888889,5.428571428571429,0.018518518518518517,4,3,0,0,7
40,1,4,150,2,0,1,0.8717277486910995,0.3888888888888889,6.0,0.018518518518518517,1,1,0,0,2
31,1,3,200,2,0,1,0.8717277486910995,0.3888888888888889,6.666666666666667,0.018518518518518517,1,2,0,0,3
42,0,2,340,2,0,0,0.8717277486910995,0.3888888888888889,6.0,0.018518518518518517,2,2,0,0,4
29,1,3,200,2,0,1,0.8717277486910995,0.3888888888888889,6.666666666666667,0.018518518518518517,1,2,0,0,3
43,1,4,200,2,0,1,0.8717277486910995,0.3888888888888889,5.333333333333333,0.018518518518518517,2,1,0,0,3
313,1,6,216,4,1,0,0.8405911850092372,0.4090909090909091,8.0,0.06363636363636363,0,4,0,0,4
226,1,5,210,4,0,0,0.8405911850092372,0.4090909090909091,6.5,0.06363636363636363,1,3,0,0,4
211,0,6,300,5,0,1,0.8405911850092372,0.4090909090909091,15.0,0.06363636363636363,0,0,0,6,6
213,0,6,432,7,1,0,0.8405911850092372,0.4090909090909091,11.5,0.06363636363636363,0,3,0,3,6
227,0,6,480,6,1,0,0.8405911850092372,0.4090909090909091,5.142857142857143,0.06363636363636363,4,3,0,0,7
223,0,6,432,7,1,0,0.8405911850092372,0.4090909090909091,14.125,0.06363636363636363,0,1,0,7,8
221,0,6,432,6,1,0,0.8405911850092372,0.4090909090909091,6.571428571428571,0.06363636363636363,2,5,0,0,7
220,0,6,432,7,1,0,0.8405911850092372,0.4090909090909091,11.142857142857142,0.06363636363636363,1,2,0,4,7
218,0,6,432,5,1,0,0.8405911850092372,0.4090909090909091,7.833333333333333,0.06363636363636363,2,3,0,1,6
212,0,6,300,5,1,0,0.8405911850092372,0.4090909090909091,10.0,0.06363636363636363,1,2,0,2,5
226,1,5,210,4,0,0,0.8774139378673383,0.4166666666666667,6.5,0.06481481481481481,1,3,0,0,4
228,0,6,432,5,1,0,0.8774139378673383,0.4166666666666667,12.666666666666666,0.06481481481481481,0,2,0,3,6
214,0,6,432,7,0,1,0.8774139378673383,0.4166666666666667,10.428571428571429,0.06481481481481481,1,3,0,2,7
215,0,6,300,4,0,1,0.8774139378673383,0.4166666666666667,15.0,0.06481481481481481,0,0,0,3,4
216,0,6,300,4,1,0,0.8774139378673383,0.4166666666666667,8.2,0.06481481481481481,1,3,0,1,5
212,0,6,300,5,1,0,0.8774139378673383,0.4166666666666667,10.0,0.06481481481481481,1,2,0,2,5
217,0,7,300,6,1,0,0.8774139378673383,0.4166666666666667,8.833333333333334,0.06481481481481481,0,5,0,1,6
210,0,6,402,2,1,0,0.8774139378673383,0.4166666666666667,6.666666666666667,0.06481481481481481,1,2,0,0,3
232,0,6,480,8,1,0,0.8774139378673383,0.4166666666666667,12.0,0.06481481481481481,0,3,0,4,7
218,0,6,432,6,1,0,0.8774139378673383,0.4166666666666667,7.857142857142857,0.06481481481481481,2,4,0,1,7
220,0,6,432,7,1,0,0.8774139378673383,0.4166666666666667,11.142857142857142,0.06481481481481481,1,2,0,4,7
221,0,6,432,7,1,0,0.8774139378673383,0.4166666666666667,8.428571428571429,0.06481481481481481,1,5,0,1,7
223,0,6,432,6,1,0,0.8774139378673383,0.4166666666666667,15.0,0.06481481481481481,0,0,0,6,6
225,0,6,402,2,1,0,0.8774139378673383,0.4166666666666667,5.333333333333333,0.06481481481481481,2,1,0,0,3
464,1,6,216,4,1,0,0.8774139378673383,0.4166666666666667,6.5,0.06481481481481481,1,3,0,0,4
227,0,6,480,7,1,0,0.8774139378673383,0.4166666666666667,6.375,0.06481481481481481,4,3,0,1,8
219,0,6,432,7,1,0,0.8774139378673383,0.4166666666666667,9.857142857142858,0.06481481481481481,2,2,0,3,7
211,0,6,300,5,0,1,0.8774139378673383,0.4166666666666667,15.0,0.06481481481481481,0,0,0,6,6
29,1,3,200,2,0,1,0.7591240875912408,0.36,6.0,0.02,1,1,0,0,2
43,1,4,200,2,0,1,0.7591240875912408,0.36,5.333333333333333,0.02,2,1,0,0,3
42,1,2,150,2,0,0,0.7591240875912408,0.36,6.0,0.02,1,1,0,0,2
31,1,3,200,2,0,1,0.7591240875912408,0.36,6.0,0.02,1,1,0,0,2
524,0,5,432,6,0,0,0.8774139378673383,0.4166666666666667,10.833333333333334,0.06481481481481481,1,2,0,2,6
485,0,2,340,4,0,0,0.7591240875912408,0.36,6.666666666666667,0.02,2,4,0,0,6
46,1,3,150,2,1,0,0.7591240875912408,0.36,6.0,0.02,1,1,0,0,2
39,1,4,200,1,1,1,0.7591240875912408,0.36,13.0,0.02,0,0,5,0,5
38,0,4,280,2,0,1,0.7591240875912408,0.36,5.666666666666667,0.02,3,3,0,0,6
52,0,2,280,1,0,0,0.7591240875912408,0.36,8.0,0.02,0,1,0,0,1
40,1,4,150,1,0,1,0.7591240875912408,0.36,6.666666666666667,0.02,1,2,0,0,3
410,1,2,200,2,0,0,0.7591240875912408,0.36,5.333333333333333,0.02,2,1,0,0,3
50,0,4,340,2,1,1,0.7591240875912408,0.36,11.0,0.02,1,1,5,0,7
35,0,3,270,3,0,1,0.7591240875912408,0.36,5.333333333333333,0.02,2,1,0,0,3
435,0,3,340,3,0,1,0.7591240875912408,0.36,5.333333333333333,0.02,2,1,0,0,3
44,0,3,340,2,0,1,0.7591240875912408,0.36,6.4,0.02,2,3,0,0,5
32,1,3,140,2,0,1,0.7591240875912408,0.36,6.0,0.02,1,1,0,0,2
48,0,3,330,2,0,1,0.7591240875912408,0.36,4.0,0.02,3,0,0,0,3
221,0,6,432,8,1,0,0.9012034704729919,0.3963963963963964,7.875,0.06306306306306306,2,5,0,1,8
220,0,6,432,7,1,0,0.9012034704729919,0.3963963963963964,11.142857142857142,0.06306306306306306,1,2,0,4,7
219,0,6,432,7,1,0,0.9012034704729919,0.3963963963963964,9.857142857142858,0.06306306306306306,2,2,0,3,7
218,0,6,432,6,1,0,0.9012034704729919,0.3963963963963964,7.857142857142857,0.06306306306306306,2,4,0,1,7
210,0,6,402,2,1,0,0.9012034704729919,0.3963963963963964,6.666666666666667,0.06306306306306306,1,2,0,0,3
215,0,6,300,5,0,1,0.9012034704729919,0.3963963963963964,15.0,0.06306306306306306,0,0,0,4,5
216,0,6,300,4,1,0,0.9012034704729919,0.3963963963963964,8.2,0.06306306306306306,1,3,0,1,5
212,0,6,300,5,1,0,0.9012034704729919,0.3963963963963964,10.0,0.06306306306306306,1,2,0,2,5
211,0,6,300,5,0,1,0.9012034704729919,0.3963963963963964,15.0,0.06306306306306306,0,0,0,5,5
223,0,6,480,7,1,0,0.9012034704729919,0.3963963963963964,14.125,0.06306306306306306,0,1,0,7,8
217,0,7,300,6,1,0,0.9012034704729919,0.3963963963963964,8.833333333333334,0.06306306306306306,0,5,0,1,6
213,0,6,432,5,1,0,0.9012034704729919,0.3963963963963964,15.0,0.06306306306306306,0,0,0,5,6
214,0,6,480,7,0,1,0.9012034704729919,0.3963963963963964,10.125,0.06306306306306306,1,4,0,2,8
226,1,5,210,4,0,0,0.9012034704729919,0.3963963963963964,6.5,0.06306306306306306,1,3,0,0,4
32,1,3,140,2,0,1,0.7777777777777778,0.3333333333333333,5.333333333333333,0.020833333333333332,2,1,0,0,3
44,0,3,340,2,0,1,0.7777777777777778,0.3333333333333333,7.0,0.020833333333333332,1,3,0,0,4
34,0,3,340,1,0,1,0.7777777777777778,0.3333333333333333,6.0,0.020833333333333332,2,2,0,0,4
38,0,4,280,1,0,1,0.7777777777777778,0.3333333333333333,6.0,0.020833333333333332,3,3,0,0,6
410,1,2,200,2,0,0,0.7777777777777778,0.3333333333333333,5.333333333333333,0.020833333333333332,2,1,0,0,3
42,1,3,150,2,1,0,0.7777777777777778,0.3333333333333333,4.0,0.020833333333333332,2,0,0,0,2
48,0,3,330,2,0,1,0.7777777777777778,0.3333333333333333,4.0,0.020833333333333332,3,0,0,0,3
50,0,2,340,1,0,0,0.7777777777777778,0.3333333333333333,6.0,0.020833333333333332,1,1,0,0,2
46,0,3,340,2,1,0,0.7777777777777778,0.3333333333333333,13.0,0.020833333333333332,0,0,3,0,3
39,1,2,200,1,0,0,0.7777777777777778,0.3333333333333333,13.0,0.020833333333333332,0,0,5,0,5
485,0,2,340,4,0,0,0.7777777777777778,0.3333333333333333,6.666666666666667,0.020833333333333332,2,4,0,0,6
158,0,2,340,3,0,0,0.7777777777777778,0.3333333333333333,6.4,0.020833333333333332,2,3,0,0,5
40,1,3,150,1,1,0,0.7777777777777778,0.3333333333333333,13.0,0.020833333333333332,0,0,4,0,4
29,1,3,200,2,0,1,0.7777777777777778,0.3333333333333333,5.333333333333333,0.020833333333333332,2,1,0,0,3
225,0,6,402,3,1,0,0.9012034704729919,0.3963963963963964,7.0,0.06306306306306306,3,1,0,1,5
464,1,6,216,4,1,0,0.9012034704729919,0.3963963963963964,6.5,0.06306306306306306,1,3,0,0,4
227,0,6,432,6,1,0,0.9012034704729919,0.3963963963963964,4.666666666666667,0.06306306306306306,4,2,0,0,6
228,0,6,432,6,1,0,0.9012034704729919,0.3963963963963964,10.833333333333334,0.06306306306306306,1,2,0,2,6
232,0,6,432,8,1,0,0.9012034704729919,0.3963963963963964,11.5,0.06306306306306306,0,3,0,3,6
224,0,6,480,6,1,0,0.9630647130647131,0.40540540540540543,11.222222222222221,0.06306306306306306,1,3,0,4,9
34,1,3,180,2,0,1,0.7379807692307693,0.38,6.666666666666667,0.02,1,2,0,0,3
410,1,2,200,2,0,0,0.7379807692307693,0.38,6.0,0.02,1,1,0,0,2
48,1,3,200,2,0,1,0.7379807692307693,0.38,4.0,0.02,2,0,0,0,2
50,0,2,340,2,0,0,0.7379807692307693,0.38,4.8,0.02,4,1,0,0,5
52,0,2,280,1,0,0,0.7379807692307693,0.38,8.0,0.02,0,1,0,0,1
38,0,4,280,1,0,1,0.7379807692307693,0.38,6.4,0.02,2,3,0,0,5
39,1,3,200,1,1,0,0.7379807692307693,0.38,13.0,0.02,0,0,4,0,4
485,1,2,200,4,0,0,0.7379807692307693,0.38,6.666666666666667,0.02,1,2,0,0,3
44,0,3,340,3,0,1,0.7379807692307693,0.38,6.666666666666667,0.02,1,2,0,0,3
158,0,2,340,4,0,0,0.7379807692307693,0.38,6.0,0.02,2,2,0,0,4
40,1,3,150,1,1,0,0.7379807692307693,0.38,13.0,0.02,0,0,4,0,4
42,1,3,150,2,1,0,0.7379807692307693,0.38,6.666666666666667,0.02,1,2,0,0,3
29,1,3,200,2,0,1,0.7379807692307693,0.38,6.0,0.02,1,1,0,0,2
43,0,4,280,2,0,1,0.7379807692307693,0.38,6.0,0.02,1,1,0,0,2
46,0,3,340,1,1,0,0.7379807692307693,0.38,13.0,0.02,0,0,4,0,4
435,0,3,340,4,0,1,0.7379807692307693,0.38,6.4,0.02,2,3,0,0,5
32,1,3,140,2,0,1,0.7379807692307693,0.38,6.666666666666667,0.02,1,2,0,0,3
219,0,6,432,7,1,0,0.9630647130647131,0.40540540540540543,9.857142857142858,0.06306306306306306,2,2,0,3,7
223,0,6,480,7,1,0,0.9630647130647131,0.40540540540540543,14.222222222222221,0.06306306306306306,0,1,0,8,9
221,0,6,432,8,1,0,0.9630647130647131,0.40540540540540543,7.875,0.06306306306306306,2,5,0,1,8
225,0,6,402,3,1,0,0.9630647130647131,0.40540540540540543,5.0,0.06306306306306306,3,1,0,0,4
464,1,6,216,4,1,0,0.9630647130647131,0.40540540540540543,6.5,0.06306306306306306,1,3,0,0,4
232,0,6,432,7,1,0,0.9630647130647131,0.40540540540540543,11.0,0.06306306306306306,0,4,0,3,7
212,0,6,300,5,1,0,0.9630647130647131,0.40540540540540543,9.666666666666666,0.06306306306306306,1,3,0,2,6
211,0,6,300,6,0,1,0.9630647130647131,0.40540540540540543,13.428571428571429,0.06306306306306306,1,0,0,6,7
215,0,6,300,5,0,1,0.9630647130647131,0.40540540540540543,15.0,0.06306306306306306,0,0,0,4,5
216,0,6,300,5,1,0,0.9630647130647131,0.40540540540540543,8.166666666666666,0.06306306306306306,1,4,0,1,6
217,0,7,300,6,1,0,0.9630647130647131,0.40540540540540543,8.833333333333334,0.06306306306306306,0,5,0,1,6
210,0,6,402,3,1,0,0.9630647130647131,0.40540540540540543,7.0,0.06306306306306306,1,3,0,0,4
213,0,6,432,5,1,0,0.9630647130647131,0.40540540540540543,9.285714285714286,0.06306306306306306,2,2,0,3,7
218,0,6,432,6,1,0,0.9630647130647131,0.40540540540540543,7.0,0.06306306306306306,3,3,0,1,7
214,0,6,480,6,0,1,0.9630647130647131,0.40540540540540543,10.125,0.06306306306306306,1,4,0,2,8
228,0,6,432,6,1,0,0.9630647130647131,0.40540540540540543,11.428571428571429,0.06306306306306306,1,2,0,3,7
435,0,3,340,4,0,1,0.7126696832579186,0.3673469387755102,6.0,0.02040816326530612,2,2,0,0,4
32,1,3,140,2,0,1,0.7126696832579186,0.3673469387755102,5.333333333333333,0.02040816326530612,2,1,0,0,3
44,0,3,340,3,0,1,0.7126696832579186,0.3673469387755102,6.666666666666667,0.02040816326530612,1,2,0,0,3
34,1,3,180,1,0,1,0.7126696832579186,0.3673469387755102,6.0,0.02040816326530612,1,1,0,0,2
48,0,3,330,3,0,1,0.7126696832579186,0.3673469387755102,6.4,0.02040816326530612,2,3,0,0,5
410,1,2,200,2,0,0,0.7126696832579186,0.3673469387755102,6.0,0.02040816326530612,1,1,0,0,2
213,0,6,432,6,1,0,1.0009225092250922,0.40707964601769914,9.285714285714286,0.07079646017699115,2,2,0,3,7
221,0,6,432,8,1,0,1.0009225092250922,0.40707964601769914,7.875,0.07079646017699115,2,5,0,1,8
224,0,6,480,7,1,0,1.0009225092250922,0.40707964601769914,10.9,0.07079646017699115,1,4,0,5,10
218,0,6,432,7,1,0,1.0009225092250922,0.40707964601769914,6.714285714285714,0.07079646017699115,3,3,0,1,7
217,0,7,300,6,1,0,1.0009225092250922,0.40707964601769914,6.0,0.07079646017699115,0,1,0,0,1
228,0,6,432,6,1,0,1.0009225092250922,0.40707964601769914,11.875,0.07079646017699115,1,2,0,4,8
210,0,6,402,3,1,0,1.0009225092250922,0.40707964601769914,7.333333333333333,0.07079646017699115,1,5,0,0,6
216,0,6,300,5,1,0,1.0009225092250922,0.40707964601769914,9.142857142857142,0.07079646017699115,1,4,0,2,7
215,0,6,300,5,0,1,1.0009225092250922,0.40707964601769914,13.166666666666666,0.07079646017699115,1,0,0,4,6
214,0,6,480,6,0,1,1.0009225092250922,0.40707964601769914,10.125,0.07079646017699115,1,4,0,2,8
212,0,6,300,6,1,0,1.0009225092250922,0.40707964601769914,9.666666666666666,0.07079646017699115,1,3,0,2,6
211,0,6,300,6,0,1,1.0009225092250922,0.40707964601769914,15.0,0.07079646017699115,0,0,0,6,6
524,0,5,432,2,0,0,1.0009225092250922,0.40707964601769914,14.0,0.07079646017699115,0,1,0,6,7
219,0,6,432,7,1,0,1.0009225092250922,0.40707964601769914,9.625,0.07079646017699115,2,3,0,3,8
464,1,6,216,4,1,0,1.0009225092250922,0.40707964601769914,6.5,0.07079646017699115,1,3,0,0,4
225,0,6,402,4,1,0,1.0009225092250922,0.40707964601769914,9.0,0.07079646017699115,2,2,0,2,6
39,1,3,200,1,1,0,0.7126696832579186,0.3673469387755102,4.0,0.02040816326530612,2,0,0,0,2
50,0,2,340,1,0,0,0.7126696832579186,0.3673469387755102,3.6,0.02040816326530612,5,0,0,0,5
52,0,2,280,1,0,0,0.7126696832579186,0.3673469387755102,8.0,0.02040816326530612,0,1,0,0,1
38,0,4,280,1,0,1,0.7126696832579186,0.3673469387755102,8.0,0.02040816326530612,0,2,0,0,2
46,0,3,340,2,1,0,0.7126696832579186,0.3673469387755102,10.2,0.02040816326530612,1,1,3,0,5
232,0,6,432,8,1,0,1.0009225092250922,0.40707964601769914,11.5,0.07079646017699115,0,4,0,4,8
485,0,2,340,4,0,0,0.7126696832579186,0.3673469387755102,6.666666666666667,0.02040816326530612,2,4,0,0,6
40,0,3,340,1,1,0,0.7126696832579186,0.3673469387755102,11.714285714285714,0.02040816326530612,1,0,6,0,7
42,1,3,150,2,1,0,0.7126696832579186,0.3673469387755102,6.0,0.02040816326530612,1,1,0,0,2
43,0,4,280,2,0,1,0.7126696832579186,0.3673469387755102,6.0,0.02040816326530612,1,1,0,0,2
158,0,2,340,3,0,0,0.7126696832579186,0.3673469387755102,6.4,0.02040816326530612,2,3,0,0,5
42,0,3,340,3,1,0,0.9438202247191011,0.3888888888888889,5.333333333333333,0.018518518518518517,2,1,0,0,3
32,1,3,140,2,0,1,0.9438202247191011,0.3888888888888889,7.0,0.018518518518518517,1,3,0,0,4
435,0,3,340,4,0,1,0.9438202247191011,0.3888888888888889,6.857142857142857,0.018518518518518517,2,5,0,0,7
44,0,3,340,4,0,1,0.9438202247191011,0.3888888888888889,9.333333333333334,0.018518518518518517,2,3,4,0,9
43,0,4,280,2,0,1,0.9438202247191011,0.3888888888888889,6.666666666666667,0.018518518518518517,1,2,0,0,3
50,0,2,340,2,0,0,0.9438202247191011,0.3888888888888889,5.428571428571429,0.018518518518518517,4,3,0,0,7
38,0,4,280,1,0,1,0.9438202247191011,0.3888888888888889,5.6,0.018518518518518517,3,2,0,0,5
46,0,3,340,2,1,0,0.9438202247191011,0.3888888888888889,13.0,0.018518518518518517,0,0,4,0,4
158,0,2,340,4,0,0,0.9438202247191011,0.3888888888888889,5.6,0.018518518518518517,3,2,0,0,5
40,1,3,150,1,1,0,0.9438202247191011,0.3888888888888889,13.0,0.018518518518518517,0,0,3,0,3
34,1,3,200,1,0,1,0.9438202247191011,0.3888888888888889,6.666666666666667,0.018518518518518517,1,2,0,0,3
410,1,2,200,2,0,0,0.9438202247191011,0.3888888888888889,5.333333333333333,0.018518518518518517,2,1,0,0,3
223,0,6,480,7,1,0,0.983270202020202,0.4247787610619469,13.777777777777779,0.05309734513274336,1,0,0,8,9
35,0,3,270,5,0,1,0.9438202247191011,0.3888888888888889,5.0,0.018518518518518517,3,1,0,0,4
227,0,6,432,4,1,0,0.983270202020202,0.4247787610619469,6.571428571428571,0.05309734513274336,2,5,0,0,7
464,1,6,216,4,1,0,0.983270202020202,0.4247787610619469,6.5,0.05309734513274336,1,3,0,0,4
225,0,6,402,4,1,0,0.983270202020202,0.4247787610619469,9.2,0.05309734513274336,2,1,0,2,5
213,0,6,432,7,1,0,0.983270202020202,0.4247787610619469,10.142857142857142,0.05309734513274336,1,3,0,3,7
221,0,6,432,8,1,0,0.983270202020202,0.4247787610619469,7.875,0.05309734513274336,2,5,0,1,8
224,0,6,480,8,1,0,0.983270202020202,0.4247787610619469,12.2,0.05309734513274336,0,4,0,5,10
228,0,6,432,6,1,0,0.983270202020202,0.4247787610619469,11.428571428571429,0.05309734513274336,1,2,0,3,7
232,0,6,432,9,1,0,0.983270202020202,0.4247787610619469,10.666666666666666,0.05309734513274336,1,4,0,4,9
211,0,6,300,6,0,1,0.983270202020202,0.4247787610619469,15.0,0.05309734513274336,0,0,0,6,6
524,0,5,432,3,0,0,0.983270202020202,0.4247787610619469,10.625,0.05309734513274336,0,5,0,2,8
215,0,6,300,4,0,1,0.983270202020202,0.4247787610619469,13.6,0.05309734513274336,0,1,0,3,5
216,0,6,300,6,1,0,0.983270202020202,0.4247787610619469,9.142857142857142,0.05309734513274336,1,4,0,2,7
210,0,6,402,5,1,0,0.983270202020202,0.4247787610619469,7.2,0.05309734513274336,1,4,0,0,5
218,0,6,432,7,1,0,0.983270202020202,0.4247787610619469,6.875,0.05309734513274336,3,4,0,1,8
219,0,6,432,8,1,0,0.983270202020202,0.4247787610619469,9.625,0.05309734513274336,2,3,0,3,8
48,0,3,330,4,0,1,0.8983516483516484,0.36363636363636365,6.285714285714286,0.01818181818181818,3,4,0,0,7
410,1,2,200,2,0,0,0.8983516483516484,0.36363636363636365,8.333333333333334,0.01818181818181818,1,1,1,0,3
50,0,2,340,2,0,0,0.8983516483516484,0.36363636363636365,5.25,0.01818181818181818,5,3,0,0,8
232,0,6,432,8,1,0,0.974430932335516,0.4247787610619469,10.666666666666666,0.05309734513274336,1,4,0,4,9
44,0,4,340,4,1,1,0.8983516483516484,0.36363636363636365,8.333333333333334,0.01818181818181818,2,2,2,0,6
40,1,3,150,1,1,0,0.8983516483516484,0.36363636363636365,13.0,0.01818181818181818,0,0,4,0,4
46,0,3,340,2,1,0,0.8983516483516484,0.36363636363636365,13.0,0.01818181818181818,0,0,4,0,4
38,0,4,280,2,0,1,0.8983516483516484,0.36363636363636365,4.8,0.01818181818181818,4,1,0,0,5
524,0,5,432,3,0,0,0.974430932335516,0.4247787610619469,8.0,0.05309734513274336,0,8,0,0,8
435,0,3,340,4,0,1,0.8983516483516484,0.36363636363636365,6.285714285714286,0.01818181818181818,3,4,0,0,7
52,0,2,280,1,0,0,0.8983516483516484,0.36363636363636365,8.0,0.01818181818181818,0,1,0,0,1
35,0,3,270,5,0,1,0.8983516483516484,0.36363636363636365,5.0,0.01818181818181818,3,1,0,0,4
42,1,3,150,3,1,0,0.8983516483516484,0.36363636363636365,6.666666666666667,0.01818181818181818,1,2,0,0,3
211,0,6,300,6,0,1,0.974430932335516,0.4247787610619469,15.0,0.05309734513274336,0,0,0,6,6
214,0,6,480,6,0,1,0.974430932335516,0.4247787610619469,9.375,0.05309734513274336,2,3,0,1,8
215,0,6,300,4,0,1,0.974430932335516,0.4247787610619469,15.0,0.05309734513274336,0,0,0,4,4
216,0,6,300,6,1,0,0.974430932335516,0.4247787610619469,10.333333333333334,0.05309734513274336,0,4,0,2,6
158,0,2,340,4,0,0,0.8983516483516484,0.36363636363636365,6.0,0.01818181818181818,3,3,0,0,6
218,0,6,432,7,1,0,0.974430932335516,0.4247787610619469,6.875,0.05309734513274336,3,4,0,1,8
219,0,6,432,8,1,0,0.974430932335516,0.4247787610619469,9.625,0.05309734513274336,2,3,0,3,8
228,0,6,432,7,1,0,0.974430932335516,0.4247787610619469,11.428571428571429,0.05309734513274336,1,2,0,3,7
224,0,6,480,8,1,0,0.974430932335516,0.4247787610619469,12.2,0.05309734513274336,0,4,0,5,10
223,0,6,480,7,1,0,0.974430932335516,0.4247787610619469,15.0,0.05309734513274336,0,0,0,8,8
213,0,6,432,7,1,0,0.974430932335516,0.4247787610619469,10.142857142857142,0.05309734513274336,1,3,0,3,7
225,0,6,402,4,1,0,0.974430932335516,0.4247787610619469,9.2,0.05309734513274336,2,1,0,2,5
464,1,6,216,4,1,0,0.974430932335516,0.4247787610619469,6.5,0.05309734513274336,1,3,0,0,4
227,0,6,432,5,1,0,0.974430932335516,0.4247787610619469,6.0,0.05309734513274336,3,4,0,0,7
43,0,4,280,2,0,1,0.8983516483516484,0.36363636363636365,6.666666666666667,0.01818181818181818,1,2,0,0,3
221,0,6,432,8,1,0,0.974430932335516,0.4247787610619469,7.875,0.05309734513274336,2,5,0,1,8
219,0,6,480,7,1,0,0.8715473317243229,0.42342342342342343,10.428571428571429,0.05405405405405406,1,3,0,3,7
524,0,5,480,5,0,0,0.8715473317243229,0.42342342342342343,8.0,0.05405405405405406,0,6,0,0,6
211,0,6,300,6,0,1,0.8715473317243229,0.42342342342342343,15.0,0.05405405405405406,0,0,0,6,6
212,0,6,300,5,1,0,0.8715473317243229,0.42342342342342343,10.0,0.05405405405405406,1,2,0,2,5
214,0,6,432,7,0,1,0.8715473317243229,0.42342342342342343,10.428571428571429,0.05405405405405406,1,3,0,2,7
215,0,6,300,5,0,1,0.8715473317243229,0.42342342342342343,15.0,0.05405405405405406,0,0,0,5,5
210,0,6,402,5,1,0,0.8715473317243229,0.42342342342342343,6.666666666666667,0.05405405405405406,1,2,0,0,3
218,0,6,432,6,1,0,0.8715473317243229,0.42342342342342343,6.714285714285714,0.05405405405405406,3,3,0,1,7
220,0,6,432,7,1,0,0.8715473317243229,0.42342342342342343,11.142857142857142,0.05405405405405406,1,2,0,4,7
40,1,2,150,2,0,0,0.7004504504504504,0.38461538461538464,6.0,0.019230769230769232,1,1,0,0,2
223,0,6,432,7,1,0,0.8715473317243229,0.42342342342342343,15.0,0.05405405405405406,0,0,0,7,7
158,0,2,340,4,0,0,0.7004504504504504,0.38461538461538464,6.0,0.019230769230769232,2,2,0,0,4
485,0,2,340,2,0,0,0.7004504504504504,0.38461538461538464,6.4,0.019230769230769232,2,3,0,0,5
46,0,2,340,3,0,0,0.7004504504504504,0.38461538461538464,6.0,0.019230769230769232,1,1,0,0,2
39,1,2,200,1,0,0,0.7004504504504504,0.38461538461538464,6.0,0.019230769230769232,1,1,0,0,2
38,0,4,280,2,0,1,0.7004504504504504,0.38461538461538464,5.333333333333333,0.019230769230769232,2,1,0,0,3
52,0,2,280,1,0,0,0.7004504504504504,0.38461538461538464,8.0,0.019230769230769232,0,1,0,0,1
48,0,3,330,4,0,1,0.7004504504504504,0.38461538461538464,6.4,0.019230769230769232,2,3,0,0,5
410,1,2,200,2,0,0,0.7004504504504504,0.38461538461538464,6.0,0.019230769230769232,1,1,0,0,2
35,0,3,270,5,0,1,0.7004504504504504,0.38461538461538464,4.0,0.019230769230769232,3,0,0,0,3
50,0,2,340,2,0,0,0.7004504504504504,0.38461538461538464,5.0,0.019230769230769232,3,1,0,0,4
34,0,3,340,1,0,1,0.7004504504504504,0.38461538461538464,6.0,0.019230769230769232,3,3,0,0,6
44,0,3,340,4,0,1,0.7004504504504504,0.38461538461538464,6.4,0.019230769230769232,2,3,0,0,5
31,1,3,200,2,1,0,0.7004504504504504,0.38461538461538464,10.75,0.019230769230769232,1,0,4,0,5
32,1,3,140,2,0,1,0.7004504504504504,0.38461538461538464,6.0,0.019230769230769232,1,1,0,0,2
29,1,3,200,3,0,1,0.7004504504504504,0.38461538461538464,5.0,0.019230769230769232,1,1,0,0,2
42,1,3,150,3,1,0,0.7004504504504504,0.38461538461538464,13.0,0.019230769230769232,0,0,4,0,4
232,0,6,432,7,1,0,0.8715473317243229,0.42342342342342343,12.0,0.05405405405405406,0,3,0,4,7
230,0,6,432,0,1,0,0.8715473317243229,0.42342342342342343,10.142857142857142,0.05405405405405406,1,3,0,3,7
228,0,6,432,6,1,0,0.8715473317243229,0.42342342342342343,10.833333333333334,0.05405405405405406,1,2,0,1,6
464,1,6,216,4,1,0,0.8715473317243229,0.42342342342342343,6.5,0.05405405405405406,1,3,0,0,4
226,1,5,210,2,0,0,0.8715473317243229,0.42342342342342343,8.0,0.05405405405405406,0,2,0,0,2
225,0,6,402,4,1,0,0.8715473317243229,0.42342342342342343,7.75,0.05405405405405406,2,1,0,1,4
224,0,6,432,6,1,0,0.8715473317243229,0.42342342342342343,11.5,0.05405405405405406,0,3,0,2,6
221,0,6,480,8,1,0,0.8715473317243229,0.42342342342342343,7.875,0.05405405405405406,2,5,0,1,8
227,0,6,432,5,1,0,0.8715473317243229,0.42342342342342343,7.571428571428571,0.05405405405405406,2,4,0,1,7
485,1,2,200,2,0,0,0.7546728971962616,0.4,6.0,0.01818181818181818,2,2,0,0,4
29,1,3,200,3,0,1,0.7546728971962616,0.4,4.666666666666667,0.01818181818181818,2,1,0,0,3
42,1,3,150,3,1,0,0.7546728971962616,0.4,13.0,0.01818181818181818,0,0,3,0,3
31,1,3,200,2,1,0,0.7546728971962616,0.4,13.0,0.01818181818181818,0,0,4,0,4
158,0,2,340,5,0,0,0.7546728971962616,0.4,6.4,0.01818181818181818,2,3,0,0,5
46,0,2,340,4,0,0,0.7546728971962616,0.4,6.0,0.01818181818181818,1,1,0,0,2
39,1,2,200,2,0,0,0.7546728971962616,0.4,6.0,0.01818181818181818,1,1,0,0,2
38,0,4,280,2,0,1,0.7546728971962616,0.4,6.4,0.01818181818181818,2,3,0,0,5
32,1,3,140,2,0,1,0.7546728971962616,0.4,6.666666666666667,0.01818181818181818,1,2,0,0,3
35,0,3,270,5,0,1,0.7546728971962616,0.4,5.6,0.01818181818181818,3,2,0,0,5
44,0,3,340,4,0,1,0.7546728971962616,0.4,6.0,0.01818181818181818,2,2,1,0,5
435,0,3,340,4,0,1,0.7546728971962616,0.4,5.6,0.01818181818181818,3,2,0,0,5
34,1,3,180,2,0,1,0.7546728971962616,0.4,6.666666666666667,0.01818181818181818,1,2,0,0,3
410,1,2,200,2,0,0,0.7546728971962616,0.4,5.333333333333333,0.01818181818181818,2,1,0,0,3
50,0,2,340,3,0,0,0.7546728971962616,0.4,6.6,0.01818181818181818,3,1,1,0,5
43,0,4,280,2,0,1,0.7546728971962616,0.4,6.0,0.01818181818181818,1,1,0,0,2
52,0,2,280,1,0,0,0.7546728971962616,0.4,8.0,0.01818181818181818,0,1,0,0,1
226,1,5,210,3,0,0,0.8769106999195495,0.4017857142857143,8.0,0.044642857142857144,0,3,0,0,3
232,0,6,432,7,1,0,0.8769106999195495,0.4017857142857143,12.0,0.044642857142857144,0,3,0,4,7
228,0,6,432,6,1,0,0.8769106999195495,0.4017857142857143,10.833333333333334,0.044642857142857144,1,2,0,1,6
227,0,6,432,5,1,0,0.8769106999195495,0.4017857142857143,7.571428571428571,0.044642857142857144,2,4,0,1,7
464,1,6,216,4,1,0,0.8769106999195495,0.4017857142857143,6.5,0.044642857142857144,1,3,0,0,4
225,0,6,402,4,1,0,0.8769106999195495,0.4017857142857143,7.75,0.044642857142857144,2,1,0,1,4
224,0,6,432,7,1,0,0.8769106999195495,0.4017857142857143,11.428571428571429,0.044642857142857144,1,2,0,3,7
213,0,6,480,7,1,0,0.8769106999195495,0.4017857142857143,10.142857142857142,0.044642857142857144,1,3,0,3,7
230,0,6,432,0,1,0,0.8769106999195495,0.4017857142857143,6.857142857142857,0.044642857142857144,2,5,0,0,7
223,0,6,432,8,1,0,0.8769106999195495,0.4017857142857143,15.0,0.044642857142857144,0,0,0,8,8
219,0,6,480,7,1,0,0.8769106999195495,0.4017857142857143,10.428571428571429,0.044642857142857144,1,3,0,3,7
218,0,6,432,6,1,0,0.8769106999195495,0.4017857142857143,7.0,0.044642857142857144,3,3,0,1,7
210,0,6,402,4,1,0,0.8769106999195495,0.4017857142857143,6.0,0.044642857142857144,1,1,0,0,2
215,0,6,300,5,0,1,0.8769106999195495,0.4017857142857143,15.0,0.044642857142857144,0,0,0,5,5
214,0,6,432,7,0,1,0.8769106999195495,0.4017857142857143,10.428571428571429,0.044642857142857144,1,3,0,2,7
212,0,6,300,5,1,0,0.8769106999195495,0.4017857142857143,10.0,0.044642857142857144,1,2,0,2,5
220,0,6,432,7,1,0,0.8769106999195495,0.4017857142857143,11.142857142857142,0.044642857142857144,1,2,0,4,7
211,0,6,300,6,0,1,0.8769106999195495,0.4017857142857143,15.0,0.044642857142857144,0,0,0,6,6
524,0,5,480,4,0,0,0.8769106999195495,0.4017857142857143,9.166666666666666,0.044642857142857144,0,5,0,1,6
230,0,6,432,0,1,0,0.879060879060879,0.3944954128440367,6.333333333333333,0.045871559633027525,2,4,0,0,6
43,0,4,280,3,0,1,0.8675,0.40350877192982454,6.666666666666667,0.017543859649122806,1,2,0,0,3
29,1,3,200,3,0,1,0.8675,0.40350877192982454,4.666666666666667,0.017543859649122806,2,1,0,0,3
42,1,3,150,3,1,0,0.8675,0.40350877192982454,13.0,0.017543859649122806,0,0,3,0,3
31,1,3,200,2,1,0,0.8675,0.40350877192982454,13.0,0.017543859649122806,0,0,4,0,4
158,0,2,340,5,0,0,0.8675,0.40350877192982454,6.4,0.017543859649122806,2,3,0,0,5
485,0,2,340,2,0,0,0.8675,0.40350877192982454,6.0,0.017543859649122806,3,3,0,0,6
38,0,4,280,3,0,1,0.8675,0.40350877192982454,5.333333333333333,0.017543859649122806,2,1,0,0,3
46,0,2,340,4,0,0,0.8675,0.40350877192982454,5.6,0.017543859649122806,3,2,0,0,5
50,0,2,340,3,0,0,0.8675,0.40350877192982454,4.8,0.017543859649122806,4,1,0,0,5
48,0,3,330,4,0,1,0.8675,0.40350877192982454,6.0,0.017543859649122806,3,3,0,0,6
410,1,2,200,3,0,0,0.8675,0.40350877192982454,5.333333333333333,0.017543859649122806,2,1,0,0,3
34,1,3,180,2,0,1,0.8675,0.40350877192982454,6.666666666666667,0.017543859649122806,1,2,0,0,3
435,0,3,340,4,0,1,0.8675,0.40350877192982454,5.6,0.017543859649122806,3,2,0,0,5
44,0,3,340,4,0,1,0.8675,0.40350877192982454,6.0,0.017543859649122806,2,2,0,0,4
232,0,6,432,6,1,0,0.879060879060879,0.3944954128440367,12.0,0.045871559633027525,0,3,0,4,7
32,1,3,140,2,0,1,0.8675,0.40350877192982454,6.666666666666667,0.017543859649122806,1,2,0,0,3
211,0,6,300,6,0,1,0.879060879060879,0.3944954128440367,15.0,0.045871559633027525,0,0,0,6,6
226,1,5,210,3,0,0,0.879060879060879,0.3944954128440367,8.0,0.045871559633027525,0,3,0,0,3
225,0,6,402,3,1,0,0.879060879060879,0.3944954128440367,6.0,0.045871559633027525,2,2,0,0,4
224,0,6,432,7,1,0,0.879060879060879,0.3944954128440367,11.428571428571429,0.045871559633027525,1,2,0,3,7
213,0,6,480,7,1,0,0.879060879060879,0.3944954128440367,10.142857142857142,0.045871559633027525,1,3,0,3,7
223,0,6,432,8,1,0,0.879060879060879,0.3944954128440367,15.0,0.045871559633027525,0,0,0,8,8
221,0,6,480,8,1,0,0.879060879060879,0.3944954128440367,7.875,0.045871559633027525,2,5,0,1,8
464,1,6,216,4,1,0,0.879060879060879,0.3944954128440367,6.5,0.045871559633027525,1,3,0,0,4
228,0,6,432,6,1,0,0.879060879060879,0.3944954128440367,10.833333333333334,0.045871559633027525,1,2,0,1,6
218,0,6,432,6,1,0,0.879060879060879,0.3944954128440367,8.5,0.045871559633027525,1,4,0,1,6
210,0,6,402,4,1,0,0.879060879060879,0.3944954128440367,6.666666666666667,0.045871559633027525,1,2,0,0,3
216,0,6,300,4,1,0,0.879060879060879,0.3944954128440367,10.0,0.045871559633027525,1,1,0,2,4
215,0,6,300,5,0,1,0.879060879060879,0.3944954128440367,15.0,0.045871559633027525,0,0,0,5,5
214,0,6,432,6,0,1,0.879060879060879,0.3944954128440367,10.428571428571429,0.045871559633027525,1,3,0,2,7
212,0,6,300,5,1,0,0.879060879060879,0.3944954128440367,10.0,0.045871559633027525,1,2,0,2,5
219,0,6,480,7,1,0,0.879060879060879,0.3944954128440367,10.428571428571429,0.045871559633027525,1,3,0,3,7
220,0,6,432,6,1,0,0.879060879060879,0.3944954128440367,11.666666666666666,0.045871559633027525,1,1,0,4,6
29,1,3,200,3,0,1,0.7494305239179955,0.4074074074074074,4.666666666666667,0.018518518518518517,2,1,0,0,3
32,1,3,140,2,0,1,0.7494305239179955,0.4074074074074074,6.0,0.018518518518518517,1,1,0,0,2
44,0,3,340,4,0,1,0.7494305239179955,0.4074074074074074,6.666666666666667,0.018518518518518517,1,2,0,0,3
435,0,3,340,4,0,1,0.7494305239179955,0.4074074074074074,4.8,0.018518518518518517,4,1,0,0,5
34,1,3,200,2,0,1,0.7494305239179955,0.4074074074074074,6.0,0.018518518518518517,1,1,0,0,2
35,0,3,270,4,0,1,0.7494305239179955,0.4074074074074074,5.333333333333333,0.018518518518518517,2,1,0,0,3
410,0,2,340,3,0,0,0.7494305239179955,0.4074074074074074,5.0,0.018518518518518517,3,1,0,0,4
38,0,4,280,3,0,1,0.7494305239179955,0.4074074074074074,6.4,0.018518518518518517,2,3,0,0,5
39,1,2,200,3,0,0,0.7494305239179955,0.4074074074074074,5.333333333333333,0.018518518518518517,2,1,0,0,3
46,1,2,150,4,0,0,0.7494305239179955,0.4074074074074074,6.0,0.018518518518518517,1,1,0,0,2
485,0,2,340,2,0,0,0.7494305239179955,0.4074074074074074,5.333333333333333,0.018518518518518517,4,2,0,0,6
42,0,3,340,3,1,0,0.7494305239179955,0.4074074074074074,9.5,0.018518518518518517,1,1,2,0,4
158,0,2,340,4,0,0,0.7494305239179955,0.4074074074074074,5.6,0.018518518518518517,3,2,0,0,5
40,1,2,150,3,0,0,0.7494305239179955,0.4074074074074074,8.0,0.018518518518518517,0,2,0,0,2
31,1,3,200,1,1,0,0.7494305239179955,0.4074074074074074,13.0,0.018518518518518517,0,0,4,0,4
43,0,4,280,3,0,1,0.7494305239179955,0.4074074074074074,6.666666666666667,0.018518518518518517,1,2,0,0,3
52,0,2,280,0,0,0,0.7494305239179955,0.4074074074074074,8.0,0.018518518518518517,0,1,0,0,1
524,0,5,480,3,0,0,0.8378170637970792,0.4144144144144144,8.0,0.04504504504504504,0,4,0,0,4
227,0,6,432,5,1,0,0.8378170637970792,0.4144144144144144,7.0,0.04504504504504504,1,5,0,0,6
232,0,6,432,6,1,0,0.8378170637970792,0.4144144144144144,12.666666666666666,0.04504504504504504,0,2,0,4,6
464,1,6,216,4,1,0,0.8378170637970792,0.4144144144144144,6.5,0.04504504504504504,1,3,0,0,4
226,1,5,210,4,0,0,0.8378170637970792,0.4144144144144144,8.0,0.04504504504504504,0,4,0,0,4
225,0,6,402,3,1,0,0.8378170637970792,0.4144144144144144,5.333333333333333,0.04504504504504504,2,1,0,0,3
224,0,6,432,7,1,0,0.8378170637970792,0.4144144144144144,11.428571428571429,0.04504504504504504,1,2,0,3,7
223,0,6,432,8,1,0,0.8378170637970792,0.4144144144144144,15.0,0.04504504504504504,0,0,0,8,8
222,0,7,432,0,1,0,0.8378170637970792,0.4144144144144144,10.5,0.04504504504504504,1,1,0,1,4
221,0,6,480,8,1,0,0.8378170637970792,0.4144144144144144,7.875,0.04504504504504504,2,5,0,1,8
213,0,6,480,7,1,0,0.8378170637970792,0.4144144144144144,10.142857142857142,0.04504504504504504,1,3,0,3,7
219,0,6,480,7,1,0,0.8378170637970792,0.4144144144144144,10.428571428571429,0.04504504504504504,1,3,0,3,7
218,0,6,432,6,1,0,0.8378170637970792,0.4144144144144144,9.428571428571429,0.04504504504504504,1,4,0,1,7
210,0,6,402,4,1,0,0.8378170637970792,0.4144144144144144,6.0,0.04504504504504504,1,1,0,0,2
216,0,6,300,5,1,0,0.8378170637970792,0.4144144144144144,9.6,0.04504504504504504,1,2,0,2,5
215,0,6,300,5,0,1,0.8378170637970792,0.4144144144144144,15.0,0.04504504504504504,0,0,0,5,5
214,0,6,432,6,0,1,0.8378170637970792,0.4144144144144144,10.833333333333334,0.04504504504504504,1,2,0,2,6
212,0,6,300,5,1,0,0.8378170637970792,0.4144144144144144,10.0,0.04504504504504504,1,2,0,2,5
220,0,6,432,7,1,0,0.8378170637970792,0.4144144144144144,11.142857142857142,0.04504504504504504,1,2,0,4,7
211,0,6,300,6,0,1,0.8378170637970792,0.4144144144144144,15.0,0.04504504504504504,0,0,0,6,6
38,0,4,280,3,0,1,0.8038740920096852,0.39285714285714285,6.0,0.017857142857142856,2,2,0,0,4
39,1,2,200,3,0,0,0.8038740920096852,0.39285714285714285,5.333333333333333,0.017857142857142856,2,1,0,0,3
46,1,2,150,4,0,0,0.8038740920096852,0.39285714285714285,8.333333333333334,0.017857142857142856,1,1,1,0,3
40,1,2,150,3,0,0,0.8038740920096852,0.39285714285714285,6.666666666666667,0.017857142857142856,1,2,0,0,3
158,0,2,340,4,0,0,0.8038740920096852,0.39285714285714285,5.6,0.017857142857142856,3,2,0,0,5
52,0,2,280,1,0,0,0.8038740920096852,0.39285714285714285,8.0,0.017857142857142856,0,2,0,0,2
485,0,2,340,3,0,0,0.8038740920096852,0.39285714285714285,5.333333333333333,0.017857142857142856,4,2,0,0,6
48,0,3,330,3,0,1,0.8038740920096852,0.39285714285714285,5.0,0.017857142857142856,3,1,0,0,4
43,0,4,280,3,0,1,0.8038740920096852,0.39285714285714285,6.666666666666667,0.017857142857142856,1,2,0,0,3
410,0,2,340,4,0,0,0.8038740920096852,0.39285714285714285,6.6,0.017857142857142856,3,1,1,0,5
35,0,3,270,4,0,1,0.8038740920096852,0.39285714285714285,5.0,0.017857142857142856,3,1,0,0,4
435,0,3,340,4,0,1,0.8038740920096852,0.39285714285714285,6.833333333333333,0.017857142857142856,3,2,1,0,6
42,1,3,150,2,1,0,0.8038740920096852,0.39285714285714285,13.0,0.017857142857142856,0,0,2,0,2
44,0,4,340,4,1,1,0.8038740920096852,0.39285714285714285,8.25,0.017857142857142856,1,2,1,0,4
32,1,3,140,2,0,1,0.8038740920096852,0.39285714285714285,6.0,0.017857142857142856,1,1,0,0,2
232,0,6,432,6,1,0,0.8391337973704563,0.42201834862385323,12.666666666666666,0.045871559633027525,0,2,0,4,6
29,1,3,200,3,0,1,0.8038740920096852,0.39285714285714285,4.666666666666667,0.017857142857142856,2,1,0,0,3
228,0,6,432,5,1,0,0.8391337973704563,0.42201834862385323,11.4,0.045871559633027525,1,1,0,1,5
225,0,6,402,3,1,0,0.8391337973704563,0.42201834862385323,5.333333333333333,0.045871559633027525,2,1,0,0,3
464,1,6,216,3,1,0,0.8391337973704563,0.42201834862385323,6.0,0.045871559633027525,1,2,0,0,3
524,0,5,480,6,0,0,0.8391337973704563,0.42201834862385323,8.0,0.045871559633027525,0,6,0,0,6
211,0,6,300,5,0,1,0.8391337973704563,0.42201834862385323,15.0,0.045871559633027525,0,0,0,5,5
227,0,6,432,7,1,0,0.8391337973704563,0.42201834862385323,7.142857142857143,0.045871559633027525,1,6,0,0,7
214,0,6,432,6,0,1,0.8391337973704563,0.42201834862385323,10.833333333333334,0.045871559633027525,1,2,0,2,6
215,0,6,300,5,0,1,0.8391337973704563,0.42201834862385323,15.0,0.045871559633027525,0,0,0,5,5
216,0,6,300,4,1,0,0.8391337973704563,0.42201834862385323,10.0,0.045871559633027525,1,1,0,2,4
210,0,6,402,2,1,0,0.8391337973704563,0.42201834862385323,6.0,0.045871559633027525,1,1,0,0,2
218,0,6,432,7,1,0,0.8391337973704563,0.42201834862385323,8.428571428571429,0.045871559633027525,1,5,0,1,7
212,0,6,300,5,1,0,0.8391337973704563,0.42201834862385323,10.0,0.045871559633027525,1,2,0,2,5
221,0,6,480,6,1,0,0.8391337973704563,0.42201834862385323,7.833333333333333,0.045871559633027525,2,3,0,1,6
222,0,7,432,0,1,0,0.8391337973704563,0.42201834862385323,10.428571428571429,0.045871559633027525,1,3,0,3,7
223,0,6,432,7,1,0,0.8391337973704563,0.42201834862385323,15.0,0.045871559633027525,0,0,0,7,7
213,0,6,480,7,1,0,0.8391337973704563,0.42201834862385323,10.142857142857142,0.045871559633027525,1,3,0,3,7
224,0,6,432,7,1,0,0.8391337973704563,0.42201834862385323,11.428571428571429,0.045871559633027525,1,2,0,3,7
226,1,5,210,4,0,0,0.8391337973704563,0.42201834862385323,8.0,0.045871559633027525,0,4,0,0,4
220,0,6,432,7,1,0,0.8391337973704563,0.42201834862385323,11.142857142857142,0.045871559633027525,1,2,0,4,7
158,0,2,340,4,0,0,0.8091603053435115,0.41509433962264153,5.6,0.0,3,2,0,0,5
485,0,2,340,3,0,0,0.8091603053435115,0.41509433962264153,6.0,0.0,2,2,0,0,4
46,1,2,150,3,0,0,0.8091603053435115,0.41509433962264153,6.666666666666667,0.0,1,2,0,0,3
38,0,4,280,3,0,1,0.8091603053435115,0.41509433962264153,5.0,0.0,3,1,0,0,4
52,0,2,280,1,0,0,0.8091603053435115,0.41509433962264153,8.0,0.0,0,2,0,0,2
50,0,3,290,3,1,0,0.8091603053435115,0.41509433962264153,8.4,0.0,2,1,2,0,5
35,0,3,270,3,0,1,0.8091603053435115,0.41509433962264153,5.333333333333333,0.0,2,1,0,0,3
410,0,2,340,4,0,0,0.8091603053435115,0.41509433962264153,5.6,0.0,3,2,0,0,5
29,1,3,200,2,0,1,0.8091603053435115,0.41509433962264153,5.333333333333333,0.0,2,1,0,0,3
34,0,3,340,3,0,1,0.8091603053435115,0.41509433962264153,5.6,0.0,3,2,0,0,5
40,1,2,150,3,0,0,0.8091603053435115,0.41509433962264153,6.666666666666667,0.0,1,2,0,0,3
32,1,3,140,2,0,1,0.8091603053435115,0.41509433962264153,5.333333333333333,0.0,2,1,0,0,3
48,0,3,330,3,0,1,0.8091603053435115,0.41509433962264153,5.0,0.0,3,1,0,0,4
31,1,2,200,1,0,0,0.8091603053435115,0.41509433962264153,5.333333333333333,0.0,2,1,0,0,3
219,0,6,432,7,1,0,0.9165966974531207,0.4144144144144144,11.0,0.04504504504504504,1,3,0,4,8
222,0,7,432,7,1,0,0.9165966974531207,0.4144144144144144,9.571428571428571,0.04504504504504504,2,2,0,3,7
225,0,6,402,3,1,0,0.9165966974531207,0.4144144144144144,6.0,0.04504504504504504,2,2,0,0,4
313,1,6,216,3,1,0,0.9165966974531207,0.4144144144144144,6.5,0.04504504504504504,1,3,0,0,4
43,0,4,280,3,0,1,0.8091603053435115,0.41509433962264153,6.666666666666667,0.0,1,2,0,0,3
224,0,6,432,6,1,0,0.9165966974531207,0.4144144144144144,10.833333333333334,0.04504504504504504,1,2,0,2,6
226,1,5,210,4,0,0,0.9165966974531207,0.4144144144144144,8.0,0.04504504504504504,0,4,0,0,4
227,0,6,432,7,1,0,0.9165966974531207,0.4144144144144144,7.142857142857143,0.04504504504504504,1,6,0,0,7
232,0,6,432,7,1,0,0.9165966974531207,0.4144144144144144,11.428571428571429,0.04504504504504504,1,2,0,4,7
223,0,6,480,8,1,0,0.9165966974531207,0.4144144144144144,13.777777777777779,0.04504504504504504,1,0,0,8,9
218,0,6,480,7,1,0,0.9165966974531207,0.4144144144144144,9.25,0.04504504504504504,1,5,0,1,8
217,0,7,300,4,1,0,0.9165966974531207,0.4144144144144144,15.0,0.04504504504504504,0,0,0,4,5
216,0,6,300,2,1,0,0.9165966974531207,0.4144144144144144,6.0,0.04504504504504504,2,3,0,0,5
215,0,6,300,4,0,1,0.9165966974531207,0.4144144144144144,15.0,0.04504504504504504,0,0,0,4,4
214,0,6,432,7,0,1,0.9165966974531207,0.4144144144144144,10.428571428571429,0.04504504504504504,1,3,0,2,7
212,0,6,300,5,1,0,0.9165966974531207,0.4144144144144144,10.0,0.04504504504504504,1,2,0,2,5
211,0,6,300,5,0,1,0.9165966974531207,0.4144144144144144,15.0,0.04504504504504504,0,0,0,5,5
524,0,5,432,5,0,0,0.9165966974531207,0.4144144144144144,8.0,0.04504504504504504,0,5,0,0,5
210,0,6,402,2,1,0,0.9165966974531207,0.4144144144144144,6.0,0.04504504504504504,2,2,0,0,4
220,0,6,432,6,1,0,0.9165966974531207,0.4144144144144144,11.142857142857142,0.04504504504504504,1,2,0,4,7
32,1,3,140,2,0,1,0.9008498583569405,0.4,5.333333333333333,0.0,2,1,0,0,3
38,0,4,280,3,0,1,0.9008498583569405,0.4,4.8,0.0,4,1,0,0,5
52,0,2,280,1,0,0,0.9008498583569405,0.4,8.0,0.0,0,2,0,0,2
50,0,3,320,3,1,0,0.9008498583569405,0.4,6.6,0.0,3,1,1,0,5
410,1,2,200,5,0,0,0.9008498583569405,0.4,6.0,0.0,2,2,0,0,4
35,0,3,270,3,0,1,0.9008498583569405,0.4,5.333333333333333,0.0,2,1,0,0,3
34,1,3,180,3,0,1,0.9008498583569405,0.4,5.333333333333333,0.0,2,1,0,0,3
435,0,3,340,3,0,1,0.9008498583569405,0.4,5.333333333333333,0.0,4,2,0,0,6
40,1,2,150,3,0,0,0.9008498583569405,0.4,6.0,0.0,2,2,0,0,4
39,1,2,200,3,0,0,0.9008498583569405,0.4,5.333333333333333,0.0,2,1,0,0,3
222,0,7,432,7,1,0,0.9137979289112791,0.42342342342342343,9.125,0.04504504504504504,3,2,0,3,8
215,0,6,300,4,0,1,0.9137979289112791,0.42342342342342343,15.0,0.04504504504504504,0,0,0,4,4
43,0,4,280,3,0,1,0.9008498583569405,0.4,6.0,0.0,2,2,0,0,4
524,0,5,432,6,0,0,0.9137979289112791,0.42342342342342343,7.714285714285714,0.04504504504504504,0,7,0,0,7
211,0,6,300,6,0,1,0.9137979289112791,0.42342342342342343,15.0,0.04504504504504504,0,0,0,6,6
212,0,6,300,4,1,0,0.9137979289112791,0.42342342342342343,10.5,0.04504504504504504,1,1,0,2,4
214,0,6,432,7,0,1,0.9137979289112791,0.42342342342342343,10.428571428571429,0.04504504504504504,1,3,0,2,7
46,1,2,150,3,0,0,0.9008498583569405,0.4,6.0,0.0,2,2,0,0,4
216,0,6,300,3,1,0,0.9137979289112791,0.42342342342342343,8.2,0.04504504504504504,1,3,0,1,5
217,0,7,300,4,1,0,0.9137979289112791,0.42342342342342343,15.0,0.04504504504504504,0,0,0,5,5
210,0,6,402,2,1,0,0.9137979289112791,0.42342342342342343,6.0,0.04504504504504504,2,2,0,0,4
218,0,6,480,6,1,0,0.9137979289112791,0.42342342342342343,9.428571428571429,0.04504504504504504,1,4,0,2,7
219,0,6,432,6,1,0,0.9137979289112791,0.42342342342342343,12.0,0.04504504504504504,0,3,0,4,7
158,0,2,340,5,0,0,0.9008498583569405,0.4,5.333333333333333,0.0,4,2,0,0,6
220,0,6,432,5,1,0,0.9137979289112791,0.42342342342342343,11.142857142857142,0.04504504504504504,1,2,0,4,7
224,0,6,432,6,1,0,0.9137979289112791,0.42342342342342343,11.428571428571429,0.04504504504504504,1,2,0,3,7
225,0,6,402,3,1,0,0.9137979289112791,0.42342342342342343,6.0,0.04504504504504504,2,2,0,0,4
226,1,5,210,4,0,0,0.9137979289112791,0.42342342342342343,8.0,0.04504504504504504,0,4,0,0,4
313,1,6,216,3,1,0,0.9137979289112791,0.42342342342342343,6.5,0.04504504504504504,1,3,0,0,4
227,0,6,432,7,1,0,0.9137979289112791,0.42342342342342343,7.142857142857143,0.04504504504504504,1,6,0,0,7
232,0,6,432,7,1,0,0.9137979289112791,0.42342342342342343,11.428571428571429,0.04504504504504504,1,2,0,4,7
31,1,2,200,1,0,0,0.9008498583569405,0.4,5.333333333333333,0.0,2,1,0,0,3
228,0,6,480,5,1,0,0.9137979289112791,0.42342342342342343,12.428571428571429,0.04504504504504504,1,1,0,3,7
485,1,2,200,4,0,0,0.9008498583569405,0.4,6.666666666666667,0.0,1,2,0,0,3
29,1,3,200,2,0,1,0.86,0.42857142857142855,6.666666666666667,0.0,1,2,0,0,3
435,0,3,340,5,0,1,0.86,0.42857142857142855,5.6,0.0,3,2,0,0,5
410,0,2,340,4,0,0,0.86,0.42857142857142855,4.8,0.0,4,1,0,0,5
32,1,3,140,3,0,1,0.86,0.42857142857142855,6.666666666666667,0.0,1,2,0,0,3
50,0,3,320,3,1,0,0.86,0.42857142857142855,7.5,0.0,2,3,1,0,6
38,0,4,280,2,0,1,0.86,0.42857142857142855,6.0,0.0,2,2,0,0,4
39,1,2,200,3,0,0,0.86,0.42857142857142855,5.333333333333333,0.0,2,1,0,0,3
46,0,2,350,3,0,0,0.86,0.42857142857142855,6.4,0.0,2,3,0,0,5
485,0,2,340,3,0,0,0.86,0.42857142857142855,4.8,0.0,4,1,0,0,5
158,0,2,340,5,0,0,0.86,0.42857142857142855,5.6,0.0,3,2,0,0,5
43,0,4,280,3,0,1,0.86,0.42857142857142855,6.666666666666667,0.0,1,2,0,0,3
48,0,3,330,3,0,1,0.86,0.42857142857142855,5.0,0.0,3,1,0,0,4
40,0,2,340,3,0,0,0.86,0.42857142857142855,6.0,0.0,3,3,0,0,6
31,1,2,200,1,0,0,0.86,0.42857142857142855,5.333333333333333,0.0,2,1,0,0,3
224,0,6,432,5,1,0,0.9123985446403582,0.4375,10.0,0.044642857142857144,1,2,0,1,5
232,0,6,432,7,1,0,0.9123985446403582,0.4375,11.428571428571429,0.044642857142857144,1,2,0,4,7
228,0,6,480,5,1,0,0.9123985446403582,0.4375,11.428571428571429,0.044642857142857144,1,2,0,2,7
227,0,6,432,7,1,0,0.9123985446403582,0.4375,7.142857142857143,0.044642857142857144,1,6,0,0,7
313,1,6,216,3,1,0,0.9123985446403582,0.4375,6.5,0.044642857142857144,1,3,0,0,4
226,1,5,210,4,0,0,0.9123985446403582,0.4375,8.0,0.044642857142857144,0,4,0,0,4
225,0,6,402,2,1,0,0.9123985446403582,0.4375,7.0,0.044642857142857144,1,3,0,0,4
223,0,6,480,8,1,0,0.9123985446403582,0.4375,13.777777777777779,0.044642857142857144,1,0,0,8,9
222,0,7,432,7,1,0,0.9123985446403582,0.4375,9.857142857142858,0.044642857142857144,2,2,0,3,7
220,0,6,432,4,1,0,0.9123985446403582,0.4375,7.571428571428571,0.044642857142857144,2,4,0,1,7
210,0,6,402,2,1,0,0.9123985446403582,0.4375,6.0,0.044642857142857144,2,2,0,0,4
217,0,7,300,5,1,0,0.9123985446403582,0.4375,15.0,0.044642857142857144,0,0,0,5,5
216,0,6,300,3,1,0,0.9123985446403582,0.4375,6.8,0.044642857142857144,1,4,0,0,5
215,0,6,300,5,0,1,0.9123985446403582,0.4375,15.0,0.044642857142857144,0,0,0,5,5
214,0,6,432,7,0,1,0.9123985446403582,0.4375,10.428571428571429,0.044642857142857144,1,3,0,2,7
212,0,6,300,5,1,0,0.9123985446403582,0.4375,10.0,0.044642857142857144,1,2,0,2,5
211,0,6,300,6,0,1,0.9123985446403582,0.4375,15.0,0.044642857142857144,0,0,0,6,6
524,0,5,432,6,0,0,0.9123985446403582,0.4375,7.714285714285714,0.044642857142857144,0,7,0,0,7
219,0,6,432,6,1,0,0.9123985446403582,0.4375,12.0,0.044642857142857144,0,3,0,4,7
213,0,6,432,6,1,0,0.8733280881195908,0.43243243243243246,10.833333333333334,0.04504504504504504,1,2,0,3,6
225,0,6,402,2,1,0,0.8733280881195908,0.43243243243243246,6.666666666666667,0.04504504504504504,1,2,0,0,3
224,0,6,432,6,1,0,0.8733280881195908,0.43243243243243246,10.833333333333334,0.04504504504504504,1,2,0,2,6
226,1,5,210,4,0,0,0.8733280881195908,0.43243243243243246,8.0,0.04504504504504504,0,4,0,0,4
230,0,6,432,0,1,0,0.8733280881195908,0.43243243243243246,10.833333333333334,0.04504504504504504,1,2,0,2,6
227,0,6,432,7,1,0,0.8733280881195908,0.43243243243243246,7.142857142857143,0.04504504504504504,1,6,0,0,7
228,0,6,480,5,1,0,0.8733280881195908,0.43243243243243246,10.833333333333334,0.04504504504504504,1,2,0,1,6
223,0,6,480,8,1,0,0.8733280881195908,0.43243243243243246,15.0,0.04504504504504504,0,0,0,8,8
232,0,6,432,4,1,0,0.8733280881195908,0.43243243243243246,10.0,0.04504504504504504,1,2,0,2,5
464,1,6,216,4,1,0,0.8733280881195908,0.43243243243243246,6.0,0.04504504504504504,1,2,0,0,3
220,0,6,432,4,1,0,0.8733280881195908,0.43243243243243246,6.428571428571429,0.04504504504504504,4,2,0,1,7
210,0,6,402,2,1,0,0.8733280881195908,0.43243243243243246,5.333333333333333,0.04504504504504504,2,1,0,0,3
218,0,6,480,7,1,0,0.8733280881195908,0.43243243243243246,8.428571428571429,0.04504504504504504,1,5,0,1,7
217,0,7,300,5,1,0,0.8733280881195908,0.43243243243243246,15.0,0.04504504504504504,0,0,0,5,5
216,0,6,300,3,1,0,0.8733280881195908,0.43243243243243246,6.8,0.04504504504504504,1,4,0,0,5
215,0,6,300,6,0,1,0.8733280881195908,0.43243243243243246,15.0,0.04504504504504504,0,0,0,6,6
212,0,6,300,5,1,0,0.8733280881195908,0.43243243243243246,10.0,0.04504504504504504,1,2,0,2,5
211,0,6,300,5,0,1,0.8733280881195908,0.43243243243243246,15.0,0.04504504504504504,0,0,0,5,5
524,0,5,432,7,0,0,0.8733280881195908,0.43243243243243246,7.714285714285714,0.04504504504504504,0,7,0,0,7
219,0,6,432,6,1,0,0.8733280881195908,0.43243243243243246,12.0,0.04504504504504504,0,3,0,4,7
32,1,3,140,3,0,1,0.8049382716049382,0.42592592592592593,6.0,0.0,1,1,0,0,2
44,0,4,340,3,1,1,0.8049382716049382,0.42592592592592593,6.0,0.0,2,2,0,0,4
50,0,3,340,3,1,0,0.8049382716049382,0.42592592592592593,7.5,0.0,2,3,1,0,6
435,0,3,340,5,0,1,0.8049382716049382,0.42592592592592593,5.6,0.0,3,2,0,0,5
410,0,2,340,4,0,0,0.8049382716049382,0.42592592592592593,5.6,0.0,3,2,0,0,5
48,0,3,330,3,0,1,0.8049382716049382,0.42592592592592593,5.0,0.0,3,1,0,0,4
52,0,2,280,1,0,0,0.8049382716049382,0.42592592592592593,8.0,0.0,0,2,0,0,2
485,0,2,340,3,0,0,0.8049382716049382,0.42592592592592593,4.8,0.0,4,1,0,0,5
39,1,2,200,3,0,0,0.8049382716049382,0.42592592592592593,5.333333333333333,0.0,2,1,0,0,3
46,1,2,150,3,0,0,0.8049382716049382,0.42592592592592593,6.0,0.0,2,2,0,0,4
158,0,2,340,5,0,0,0.8049382716049382,0.42592592592592593,5.6,0.0,3,2,0,0,5
40,1,2,150,3,0,0,0.8049382716049382,0.42592592592592593,6.666666666666667,0.0,1,2,0,0,3
43,0,4,280,3,0,1,0.8049382716049382,0.42592592592592593,6.666666666666667,0.0,1,2,0,0,3
31,1,2,200,1,0,0,0.8049382716049382,0.42592592592592593,5.333333333333333,0.0,2,1,0,0,3
228,0,6,480,5,1,0,0.8248098610018358,0.4423076923076923,10.833333333333334,0.04807692307692308,1,2,0,1,6
38,0,4,280,2,0,1,0.8049382716049382,0.42592592592592593,5.0,0.0,3,1,0,0,4
227,0,6,432,6,1,0,0.8248098610018358,0.4423076923076923,7.0,0.04807692307692308,1,5,0,0,6
232,0,6,432,4,1,0,0.8248098610018358,0.4423076923076923,10.0,0.04807692307692308,1,2,0,2,5
226,1,5,210,4,0,0,0.8248098610018358,0.4423076923076923,8.0,0.04807692307692308,0,4,0,0,4
230,0,6,432,6,1,0,0.8248098610018358,0.4423076923076923,10.833333333333334,0.04807692307692308,1,2,0,2,6
524,0,5,432,7,0,0,0.8248098610018358,0.4423076923076923,7.714285714285714,0.04807692307692308,0,7,0,0,7
211,0,6,300,2,0,1,0.8248098610018358,0.4423076923076923,15.0,0.04807692307692308,0,0,0,3,3
212,0,6,300,5,1,0,0.8248098610018358,0.4423076923076923,10.0,0.04807692307692308,1,2,0,2,5
215,0,6,300,5,0,1,0.8248098610018358,0.4423076923076923,15.0,0.04807692307692308,0,0,0,5,5
464,1,6,216,3,1,0,0.8248098610018358,0.4423076923076923,6.0,0.04807692307692308,1,2,0,0,3
217,0,7,300,4,1,0,0.8248098610018358,0.4423076923076923,15.0,0.04807692307692308,0,0,0,4,4
216,0,6,300,3,1,0,0.8248098610018358,0.4423076923076923,6.8,0.04807692307692308,1,4,0,0,5
218,0,6,480,7,1,0,0.8248098610018358,0.4423076923076923,8.428571428571429,0.04807692307692308,1,5,0,1,7
219,0,6,432,6,1,0,0.8248098610018358,0.4423076923076923,12.0,0.04807692307692308,0,3,0,4,7
220,0,6,432,5,1,0,0.8248098610018358,0.4423076923076923,6.428571428571429,0.04807692307692308,4,2,0,1,7
223,0,6,480,8,1,0,0.8248098610018358,0.4423076923076923,15.0,0.04807692307692308,0,0,0,8,8
213,0,6,432,5,1,0,0.8248098610018358,0.4423076923076923,10.0,0.04807692307692308,1,2,0,2,5
224,0,6,432,6,1,0,0.8248098610018358,0.4423076923076923,10.833333333333334,0.04807692307692308,1,2,0,2,6
225,0,6,402,2,1,0,0.8248098610018358,0.4423076923076923,6.0,0.04807692307692308,1,1,0,0,2
210,0,6,402,2,1,0,0.8248098610018358,0.4423076923076923,5.333333333333333,0.04807692307692308,2,1,0,0,3
35,0,3,270,3,0,1,0.827027027027027,0.36,5.333333333333333,0.0,2,1,0,0,3
32,1,3,140,2,0,1,0.827027027027027,0.36,6.0,0.0,1,1,0,0,2
44,0,4,340,2,1,1,0.827027027027027,0.36,7.25,0.0,2,1,1,0,4
34,0,3,340,2,0,1,0.827027027027027,0.36,5.333333333333333,0.0,2,1,0,0,3
524,0,5,432,7,0,0,0.8289703315881326,0.43636363636363634,7.714285714285714,0.045454545454545456,0,7,0,0,7
48,0,3,330,3,0,1,0.827027027027027,0.36,4.8,0.0,4,1,0,0,5
50,0,3,340,2,1,0,0.827027027027027,0.36,5.6,0.0,3,2,0,0,5
228,0,6,432,6,1,0,0.8289703315881326,0.43636363636363634,11.4,0.045454545454545456,1,1,0,1,5
227,0,6,480,6,1,0,0.8289703315881326,0.43636363636363634,7.0,0.045454545454545456,1,5,0,0,6
464,1,6,216,3,1,0,0.8289703315881326,0.43636363636363634,6.0,0.045454545454545456,1,2,0,0,3
313,1,6,216,0,1,0,0.8289703315881326,0.43636363636363634,8.0,0.045454545454545456,0,3,0,0,3
226,1,5,210,4,0,0,0.8289703315881326,0.43636363636363634,8.0,0.045454545454545456,0,4,0,0,4
224,0,6,432,6,1,0,0.8289703315881326,0.43636363636363634,11.428571428571429,0.045454545454545456,1,2,0,2,7
225,0,6,402,2,1,0,0.8289703315881326,0.43636363636363634,9.0,0.045454545454545456,1,1,0,1,3
213,0,6,432,5,1,0,0.8289703315881326,0.43636363636363634,7.4,0.045454545454545456,2,2,0,1,5
230,0,6,480,7,1,0,0.8289703315881326,0.43636363636363634,15.0,0.045454545454545456,0,0,0,7,7
223,0,6,432,8,1,0,0.8289703315881326,0.43636363636363634,15.0,0.045454545454545456,0,0,0,8,8
220,0,6,480,7,1,0,0.8289703315881326,0.43636363636363634,7.5,0.045454545454545456,2,3,0,1,6
218,0,6,432,7,1,0,0.8289703315881326,0.43636363636363634,8.428571428571429,0.045454545454545456,1,5,0,1,7
210,0,6,402,2,1,0,0.8289703315881326,0.43636363636363634,6.0,0.045454545454545456,1,1,0,0,2
217,0,7,300,4,1,0,0.8289703315881326,0.43636363636363634,15.0,0.045454545454545456,0,0,0,4,4
216,0,6,300,3,1,0,0.8289703315881326,0.43636363636363634,8.0,0.045454545454545456,0,2,0,0,2
215,0,6,300,5,0,1,0.8289703315881326,0.43636363636363634,15.0,0.045454545454545456,0,0,0,5,5
214,0,6,432,7,0,1,0.8289703315881326,0.43636363636363634,10.428571428571429,0.045454545454545456,1,3,0,2,7
212,0,6,300,5,1,0,0.8289703315881326,0.43636363636363634,10.0,0.045454545454545456,1,2,0,2,5
221,0,6,432,5,1,0,0.8289703315881326,0.43636363636363634,7.833333333333333,0.045454545454545456,2,3,0,1,6
410,0,2,340,3,0,0,0.827027027027027,0.36,6.0,0.0,3,3,0,0,6
222,0,7,480,2,1,0,0.8289703315881326,0.43636363636363634,10.5,0.045454545454545456,2,2,0,4,8
52,0,2,280,1,0,0,0.827027027027027,0.36,8.0,0.0,0,2,0,0,2
38,0,4,280,2,0,1,0.827027027027027,0.36,5.0,0.0,3,1,0,0,4
39,1,2,200,3,0,0,0.827027027027027,0.36,5.333333333333333,0.0,2,1,0,0,3
485,0,2,340,3,0,0,0.827027027027027,0.36,5.0,0.0,6,2,0,0,8
40,1,2,150,3,0,0,0.827027027027027,0.36,6.666666666666667,0.0,1,2,0,0,3
42,1,2,150,3,0,0,0.827027027027027,0.36,5.333333333333333,0.0,2,1,0,0,3
29,1,3,200,2,0,1,0.827027027027027,0.36,5.333333333333333,0.0,2,1,0,0,3
29,1,3,200,3,0,1,0.9166666666666666,0.36538461538461536,5.333333333333333,0.0,2,1,0,0,3
216,0,6,300,3,1,0,0.8302169035153328,0.44545454545454544,6.0,0.05454545454545454,1,2,0,0,3
215,0,6,300,5,0,1,0.8302169035153328,0.44545454545454544,15.0,0.05454545454545454,0,0,0,4,4
214,0,6,432,7,0,1,0.8302169035153328,0.44545454545454544,10.428571428571429,0.05454545454545454,1,3,0,2,7
212,0,6,300,4,1,0,0.8302169035153328,0.44545454545454544,10.0,0.05454545454545454,1,2,0,2,5
524,0,5,432,7,0,0,0.8302169035153328,0.44545454545454544,7.714285714285714,0.05454545454545454,0,7,0,0,7
485,1,2,200,4,0,0,0.9166666666666666,0.36538461538461536,5.333333333333333,0.0,2,1,0,0,3
40,1,2,150,3,0,0,0.9166666666666666,0.36538461538461536,7.0,0.0,1,3,0,0,4
46,1,2,150,3,0,0,0.9166666666666666,0.36538461538461536,5.0,0.0,3,1,0,0,4
410,1,2,200,3,0,0,0.9166666666666666,0.36538461538461536,4.0,0.0,3,0,0,0,3
38,0,4,280,3,0,1,0.9166666666666666,0.36538461538461536,5.6,0.0,3,2,0,0,5
52,0,2,280,2,0,0,0.9166666666666666,0.36538461538461536,8.0,0.0,0,2,0,0,2
217,0,7,300,4,1,0,0.8302169035153328,0.44545454545454544,15.0,0.05454545454545454,0,0,0,4,4
35,0,3,270,2,0,1,0.9166666666666666,0.36538461538461536,4.0,0.0,3,0,0,0,3
31,1,2,200,1,0,0,0.9166666666666666,0.36538461538461536,5.333333333333333,0.0,2,1,0,0,3
44,0,4,320,3,1,1,0.9166666666666666,0.36538461538461536,8.25,0.0,1,2,1,0,4
435,0,3,340,5,0,1,0.9166666666666666,0.36538461538461536,5.142857142857143,0.0,5,2,0,0,7
32,1,3,140,2,0,1,0.9166666666666666,0.36538461538461536,5.333333333333333,0.0,2,1,0,0,3
39,1,2,200,3,0,0,0.9166666666666666,0.36538461538461536,5.0,0.0,3,1,0,0,4
210,0,6,402,2,1,0,0.8302169035153328,0.44545454545454544,6.0,0.05454545454545454,1,1,0,0,2
218,0,6,432,7,1,0,0.8302169035153328,0.44545454545454544,8.428571428571429,0.05454545454545454,1,5,0,1,7
220,0,6,480,7,1,0,0.8302169035153328,0.44545454545454544,7.571428571428571,0.05454545454545454,2,4,0,1,7
42,1,2,150,3,0,0,0.9166666666666666,0.36538461538461536,5.333333333333333,0.0,2,1,0,0,3
232,0,6,480,5,1,0,0.8302169035153328,0.44545454545454544,9.857142857142858,0.05454545454545454,2,2,0,3,7
230,0,6,480,7,1,0,0.8302169035153328,0.44545454545454544,15.0,0.05454545454545454,0,0,0,7,7
43,0,4,280,3,0,1,0.9166666666666666,0.36538461538461536,6.0,0.0,2,2,0,0,4
227,0,6,480,6,1,0,0.8302169035153328,0.44545454545454544,7.0,0.05454545454545454,1,5,0,0,6
464,1,6,216,3,1,0,0.8302169035153328,0.44545454545454544,6.0,0.05454545454545454,1,2,0,0,3
228,0,6,432,5,1,0,0.8302169035153328,0.44545454545454544,11.4,0.05454545454545454,1,1,0,1,5
226,1,5,210,4,0,0,0.8302169035153328,0.44545454545454544,8.0,0.05454545454545454,0,4,0,0,4
225,0,6,402,2,1,0,0.8302169035153328,0.44545454545454544,4.666666666666667,0.05454545454545454,2,1,0,0,3
224,0,6,432,7,1,0,0.8302169035153328,0.44545454545454544,10.833333333333334,0.05454545454545454,1,2,0,2,6
213,0,6,432,6,1,0,0.8302169035153328,0.44545454545454544,10.833333333333334,0.05454545454545454,1,2,0,3,6
223,0,6,432,7,1,0,0.8302169035153328,0.44545454545454544,15.0,0.05454545454545454,0,0,0,8,8
221,0,6,432,7,1,0,0.8302169035153328,0.44545454545454544,7.857142857142857,0.05454545454545454,2,4,0,1,7
313,1,6,216,0,1,0,0.8302169035153328,0.44545454545454544,8.0,0.05454545454545454,0,2,0,0,2
32,1,3,140,3,0,1,0.956140350877193,0.3275862068965517,5.0,0.017241379310344827,3,1,0,0,4
44,0,4,260,3,1,1,0.956140350877193,0.3275862068965517,10.75,0.017241379310344827,1,0,3,0,4
435,0,3,340,6,0,1,0.956140350877193,0.3275862068965517,5.0,0.017241379310344827,4,2,0,0,6
410,0,2,340,4,0,0,0.956140350877193,0.3275862068965517,5.333333333333333,0.017241379310344827,4,2,0,0,6
31,1,2,200,2,0,0,0.956140350877193,0.3275862068965517,6.0,0.017241379310344827,2,2,0,0,4
485,0,2,340,5,0,0,0.956140350877193,0.3275862068965517,5.5,0.017241379310344827,5,3,0,0,8
39,1,2,200,3,0,0,0.956140350877193,0.3275862068965517,5.333333333333333,0.017241379310344827,2,1,0,0,3
46,0,2,350,3,0,0,0.956140350877193,0.3275862068965517,4.666666666666667,0.017241379310344827,5,1,0,0,6
40,0,2,340,3,0,0,0.956140350877193,0.3275862068965517,5.714285714285714,0.017241379310344827,4,3,0,0,7
42,1,2,150,3,0,0,0.956140350877193,0.3275862068965517,5.333333333333333,0.017241379310344827,2,1,0,0,3
29,1,3,200,3,0,1,0.956140350877193,0.3275862068965517,5.333333333333333,0.017241379310344827,2,1,0,0,3
38,0,4,280,3,0,1,0.956140350877193,0.3275862068965517,5.6,0.017241379310344827,3,2,0,0,5
43,0,4,280,3,0,1,0.956140350877193,0.3275862068965517,6.666666666666667,0.017241379310344827,1,2,0,0,3
313,1,6,216,1,1,0,0.8430458430458431,0.4537037037037037,8.0,0.05555555555555555,0,2,0,0,2
219,0,6,432,6,1,0,0.8430458430458431,0.4537037037037037,11.0,0.05555555555555555,0,4,0,3,7
230,0,6,480,4,1,0,0.8430458430458431,0.4537037037037037,11.714285714285714,0.05555555555555555,0,3,0,4,7
464,1,6,216,3,1,0,0.8430458430458431,0.4537037037037037,6.0,0.05555555555555555,1,2,0,0,3
226,1,5,210,4,0,0,0.8430458430458431,0.4537037037037037,8.0,0.05555555555555555,0,4,0,0,4
225,0,6,402,2,1,0,0.8430458430458431,0.4537037037037037,3.0,0.05555555555555555,2,0,0,0,2
224,0,6,432,6,1,0,0.8430458430458431,0.4537037037037037,10.833333333333334,0.05555555555555555,1,2,0,2,6
213,0,6,432,6,1,0,0.8430458430458431,0.4537037037037037,10.833333333333334,0.05555555555555555,1,2,0,3,6
223,0,6,432,8,1,0,0.8430458430458431,0.4537037037037037,15.0,0.05555555555555555,0,0,0,7,7
222,0,7,480,2,1,0,0.8430458430458431,0.4537037037037037,6.0,0.05555555555555555,3,4,0,0,7
220,0,6,480,7,1,0,0.8430458430458431,0.4537037037037037,7.571428571428571,0.05555555555555555,2,4,0,1,7
210,0,6,402,2,1,0,0.8430458430458431,0.4537037037037037,6.0,0.05555555555555555,1,1,0,0,2
217,0,7,300,4,1,0,0.8430458430458431,0.4537037037037037,15.0,0.05555555555555555,0,0,0,4,4
218,0,6,432,6,1,0,0.8430458430458431,0.4537037037037037,9.0,0.05555555555555555,0,6,0,1,7
228,0,6,432,4,1,0,0.8430458430458431,0.4537037037037037,10.0,0.05555555555555555,1,2,0,1,5
221,0,6,432,6,1,0,0.8430458430458431,0.4537037037037037,7.0,0.05555555555555555,3,3,0,1,7
214,0,6,432,7,0,1,0.8430458430458431,0.4537037037037037,10.125,0.05555555555555555,1,4,0,2,8
212,0,6,300,4,1,0,0.8430458430458431,0.4537037037037037,10.0,0.05555555555555555,1,2,0,2,5
211,0,6,300,5,0,1,0.8430458430458431,0.4537037037037037,15.0,0.05555555555555555,0,0,0,6,6
232,0,6,480,4,1,0,0.8430458430458431,0.4537037037037037,10.333333333333334,0.05555555555555555,0,4,0,2,6
212,0,6,300,5,1,0,0.8552631578947368,0.44036697247706424,10.0,0.045871559633027525,1,2,0,2,5
211,0,6,300,5,0,1,0.8552631578947368,0.44036697247706424,15.0,0.045871559633027525,0,0,0,5,5
524,0,5,432,6,0,0,0.8552631578947368,0.44036697247706424,7.666666666666667,0.045871559633027525,0,6,0,0,6
48,1,3,200,3,0,1,0.8567708333333334,0.32727272727272727,5.333333333333333,0.01818181818181818,2,1,0,0,3
410,0,2,340,4,0,0,0.8567708333333334,0.32727272727272727,5.6,0.01818181818181818,3,2,0,0,5
435,0,3,340,6,0,1,0.8567708333333334,0.32727272727272727,4.4,0.01818181818181818,4,1,0,0,5
35,0,3,270,3,0,1,0.8567708333333334,0.32727272727272727,5.333333333333333,0.01818181818181818,2,1,0,0,3
44,0,4,280,3,1,1,0.8567708333333334,0.32727272727272727,7.6,0.01818181818181818,3,0,2,0,5
32,1,3,140,3,0,1,0.8567708333333334,0.32727272727272727,5.0,0.01818181818181818,3,1,0,0,4
39,1,2,200,3,0,0,0.8567708333333334,0.32727272727272727,6.0,0.01818181818181818,2,2,0,0,4
214,0,6,432,7,0,1,0.8552631578947368,0.44036697247706424,10.428571428571429,0.045871559633027525,1,3,0,2,7
46,1,2,150,3,0,0,0.8567708333333334,0.32727272727272727,5.333333333333333,0.01818181818181818,2,1,0,0,3
217,0,7,300,4,1,0,0.8552631578947368,0.44036697247706424,15.0,0.045871559633027525,0,0,0,4,4
218,0,6,432,5,1,0,0.8552631578947368,0.44036697247706424,9.4,0.045871559633027525,0,4,0,1,5
219,0,6,432,7,1,0,0.8552631578947368,0.44036697247706424,11.0,0.045871559633027525,0,4,0,3,7
43,0,4,280,3,0,1,0.8567708333333334,0.32727272727272727,6.666666666666667,0.01818181818181818,1,2,0,0,3
29,1,3,200,3,0,1,0.8567708333333334,0.32727272727272727,5.333333333333333,0.01818181818181818,2,1,0,0,3
52,0,2,280,2,0,0,0.8567708333333334,0.32727272727272727,8.0,0.01818181818181818,0,3,0,0,3
31,1,2,200,2,0,0,0.8567708333333334,0.32727272727272727,5.333333333333333,0.01818181818181818,2,1,0,0,3
485,0,2,340,2,0,0,0.8567708333333334,0.32727272727272727,4.666666666666667,0.01818181818181818,5,1,0,0,6
232,0,6,480,7,1,0,0.8552631578947368,0.44036697247706424,12.0,0.045871559633027525,0,3,0,4,7
230,0,6,480,4,1,0,0.8552631578947368,0.44036697247706424,11.428571428571429,0.045871559633027525,1,2,0,4,7
228,0,6,432,6,1,0,0.8552631578947368,0.44036697247706424,10.833333333333334,0.045871559633027525,1,2,0,1,6
227,0,6,480,7,1,0,0.8552631578947368,0.44036697247706424,6.571428571428571,0.045871559633027525,2,5,0,0,7
42,0,2,340,3,0,0,0.8567708333333334,0.32727272727272727,5.0,0.01818181818181818,3,1,0,0,4
313,1,6,216,1,1,0,0.8552631578947368,0.44036697247706424,8.0,0.045871559633027525,0,2,0,0,2
464,1,6,216,3,1,0,0.8552631578947368,0.44036697247706424,6.0,0.045871559633027525,1,2,0,0,3
221,0,6,432,7,1,0,0.8552631578947368,0.44036697247706424,7.0,0.045871559633027525,3,3,0,1,7
222,0,7,480,2,1,0,0.8552631578947368,0.44036697247706424,7.8,0.045871559633027525,2,2,0,1,5
223,0,6,432,8,1,0,0.8552631578947368,0.44036697247706424,15.0,0.045871559633027525,0,0,0,8,8
38,0,4,280,3,0,1,0.8567708333333334,0.32727272727272727,5.0,0.01818181818181818,3,1,0,0,4
224,0,6,432,6,1,0,0.8552631578947368,0.44036697247706424,10.833333333333334,0.045871559633027525,1,2,0,2,6
225,0,6,402,3,1,0,0.8552631578947368,0.44036697247706424,3.0,0.045871559633027525,2,0,0,0,2
226,1,5,210,4,0,0,0.8552631578947368,0.44036697247706424,8.0,0.045871559633027525,0,4,0,0,4
213,0,6,432,6,1,0,0.8552631578947368,0.44036697247706424,10.833333333333334,0.045871559633027525,1,2,0,3,6
32,1,3,140,3,0,1,0.9620253164556962,0.3333333333333333,5.0,0.017543859649122806,3,1,0,0,4
44,0,4,280,3,1,1,0.9620253164556962,0.3333333333333333,7.6,0.017543859649122806,3,0,2,0,5
410,0,2,340,4,0,0,0.9620253164556962,0.3333333333333333,5.5,0.017543859649122806,5,3,0,0,8
48,0,3,330,4,0,1,0.9620253164556962,0.3333333333333333,5.333333333333333,0.017543859649122806,4,2,0,0,6
52,0,2,280,2,0,0,0.9620253164556962,0.3333333333333333,8.0,0.017543859649122806,0,3,0,0,3
38,0,4,280,3,0,1,0.9620253164556962,0.3333333333333333,4.8,0.017543859649122806,4,1,0,0,5
46,1,2,150,3,0,0,0.9620253164556962,0.3333333333333333,4.666666666666667,0.017543859649122806,5,1,0,0,6
485,0,2,340,3,0,0,0.9620253164556962,0.3333333333333333,5.142857142857143,0.017543859649122806,5,2,0,0,7
31,1,2,200,3,0,0,0.9620253164556962,0.3333333333333333,6.0,0.017543859649122806,2,2,0,0,4
29,1,3,200,3,0,1,0.9620253164556962,0.3333333333333333,5.333333333333333,0.017543859649122806,2,1,0,0,3
43,0,4,280,3,0,1,0.9620253164556962,0.3333333333333333,6.666666666666667,0.017543859649122806,1,2,0,0,3
435,0,3,340,6,0,1,0.9620253164556962,0.3333333333333333,5.0,0.017543859649122806,4,2,0,0,6
228,0,6,432,5,1,0,0.8938393839383938,0.42990654205607476,11.4,0.04672897196261682,1,1,0,1,5
226,1,5,210,3,0,0,0.8938393839383938,0.42990654205607476,8.0,0.04672897196261682,0,3,0,0,3
227,0,6,480,7,1,0,0.8938393839383938,0.42990654205607476,6.571428571428571,0.04672897196261682,2,5,0,0,7
464,1,6,216,3,1,0,0.8938393839383938,0.42990654205607476,6.0,0.04672897196261682,1,2,0,0,3
313,1,6,216,3,1,0,0.8938393839383938,0.42990654205607476,8.0,0.04672897196261682,0,2,0,0,2
232,0,6,480,7,1,0,0.8938393839383938,0.42990654205607476,12.375,0.04672897196261682,0,3,0,5,8
224,0,6,432,6,1,0,0.8938393839383938,0.42990654205607476,10.833333333333334,0.04672897196261682,1,2,0,2,6
213,0,6,432,6,1,0,0.8938393839383938,0.42990654205607476,10.833333333333334,0.04672897196261682,1,2,0,3,6
225,0,6,402,2,1,0,0.8938393839383938,0.42990654205607476,4.666666666666667,0.04672897196261682,2,1,0,0,3
221,0,6,432,7,1,0,0.8938393839383938,0.42990654205607476,7.0,0.04672897196261682,3,3,0,1,7
223,0,6,432,8,1,0,0.8938393839383938,0.42990654205607476,15.0,0.04672897196261682,0,0,0,8,8
219,0,6,432,7,1,0,0.8938393839383938,0.42990654205607476,11.0,0.04672897196261682,0,4,0,3,7
218,0,6,432,4,1,0,0.8938393839383938,0.42990654205607476,9.4,0.04672897196261682,0,4,0,1,5
217,0,7,300,5,1,0,0.8938393839383938,0.42990654205607476,15.0,0.04672897196261682,0,0,0,5,5
214,0,6,432,7,0,1,0.8938393839383938,0.42990654205607476,10.428571428571429,0.04672897196261682,1,3,0,2,7
212,0,6,300,3,1,0,0.8938393839383938,0.42990654205607476,9.5,0.04672897196261682,2,0,0,2,4
211,0,6,300,5,0,1,0.8938393839383938,0.42990654205607476,15.0,0.04672897196261682,0,0,0,5,5
524,0,5,432,7,0,0,0.8938393839383938,0.42990654205607476,7.25,0.04672897196261682,1,7,0,0,8
220,0,6,480,6,1,0,0.8938393839383938,0.42990654205607476,10.125,0.04672897196261682,1,4,0,3,8
485,0,2,340,3,0,0,0.8650137741046832,0.33962264150943394,5.333333333333333,0.018867924528301886,4,2,0,0,6
39,1,2,200,2,0,0,0.8650137741046832,0.33962264150943394,5.333333333333333,0.018867924528301886,2,1,0,0,3
38,0,4,280,4,0,1,0.8650137741046832,0.33962264150943394,5.6,0.018867924528301886,3,2,0,0,5
52,0,2,280,1,0,0,0.8650137741046832,0.33962264150943394,8.0,0.018867924528301886,0,2,0,0,2
34,0,4,340,2,1,1,0.8650137741046832,0.33962264150943394,13.0,0.018867924528301886,0,0,3,0,3
46,1,2,150,3,0,0,0.8650137741046832,0.33962264150943394,5.0,0.018867924528301886,3,1,0,0,4
44,0,4,340,3,1,1,0.8650137741046832,0.33962264150943394,4.0,0.018867924528301886,3,0,0,0,3
410,0,2,340,4,0,0,0.8650137741046832,0.33962264150943394,5.25,0.018867924528301886,5,3,0,0,8
29,1,3,200,2,0,1,0.8650137741046832,0.33962264150943394,5.333333333333333,0.018867924528301886,2,1,0,0,3
32,1,3,140,3,0,1,0.8650137741046832,0.33962264150943394,5.333333333333333,0.018867924528301886,2,1,0,0,3
158,0,2,340,4,0,0,0.8650137741046832,0.33962264150943394,5.333333333333333,0.018867924528301886,4,2,0,0,6
31,1,2,200,3,0,0,0.8650137741046832,0.33962264150943394,5.333333333333333,0.018867924528301886,2,1,0,0,3
48,0,3,330,4,0,1,0.8650137741046832,0.33962264150943394,6.0,0.018867924528301886,2,2,0,0,4
232,0,6,432,7,1,0,0.9047619047619048,0.4351851851851852,12.0,0.046296296296296294,0,3,0,4,7
230,0,6,432,5,1,0,0.9047619047619048,0.4351851851851852,10.5,0.046296296296296294,1,2,0,3,6
228,0,6,432,5,1,0,0.9047619047619048,0.4351851851851852,11.4,0.046296296296296294,1,1,0,1,5
464,1,6,216,3,1,0,0.9047619047619048,0.4351851851851852,6.0,0.046296296296296294,1,2,0,0,3
313,1,6,216,3,1,0,0.9047619047619048,0.4351851851851852,8.0,0.046296296296296294,0,3,0,0,3
226,1,5,210,4,0,0,0.9047619047619048,0.4351851851851852,8.0,0.046296296296296294,0,4,0,0,4
225,0,6,402,2,1,0,0.9047619047619048,0.4351851851851852,4.666666666666667,0.046296296296296294,2,1,0,0,3
224,0,6,480,7,1,0,0.9047619047619048,0.4351851851851852,11.0,0.046296296296296294,1,3,0,3,8
213,0,6,432,6,1,0,0.9047619047619048,0.4351851851851852,11.428571428571429,0.046296296296296294,1,2,0,4,7
223,0,6,432,8,1,0,0.9047619047619048,0.4351851851851852,15.0,0.046296296296296294,0,0,0,8,8
42,1,2,150,2,0,0,0.8650137741046832,0.33962264150943394,5.333333333333333,0.018867924528301886,2,1,0,0,3
219,0,6,432,6,1,0,0.9047619047619048,0.4351851851851852,11.5,0.046296296296296294,0,3,0,3,6
217,0,7,300,4,1,0,0.9047619047619048,0.4351851851851852,15.0,0.046296296296296294,0,0,0,4,4
221,0,6,432,7,1,0,0.9047619047619048,0.4351851851851852,7.857142857142857,0.046296296296296294,2,4,0,1,7
215,0,6,300,4,0,1,0.9047619047619048,0.4351851851851852,8.2,0.046296296296296294,1,3,0,1,5
214,0,6,480,7,0,1,0.9047619047619048,0.4351851851851852,10.428571428571429,0.046296296296296294,1,3,0,2,7
212,0,6,300,4,1,0,0.9047619047619048,0.4351851851851852,9.2,0.046296296296296294,2,1,0,2,5
211,0,6,300,5,0,1,0.9047619047619048,0.4351851851851852,15.0,0.046296296296296294,0,0,0,5,5
524,0,5,480,7,0,0,0.9047619047619048,0.4351851851851852,7.25,0.046296296296296294,1,7,0,0,8
220,0,6,432,6,1,0,0.9047619047619048,0.4351851851851852,8.428571428571429,0.046296296296296294,1,5,0,1,7
219,0,6,432,7,1,0,0.9410919540229885,0.44954128440366975,11.0,0.045871559633027525,0,4,0,3,7
223,0,6,432,8,1,0,0.9410919540229885,0.44954128440366975,15.0,0.045871559633027525,0,0,0,8,8
313,1,6,216,4,1,0,0.9410919540229885,0.44954128440366975,7.5,0.045871559633027525,0,4,0,0,4
225,0,6,402,2,1,0,0.9410919540229885,0.44954128440366975,4.666666666666667,0.045871559633027525,2,1,0,0,3
226,1,5,210,4,0,0,0.9410919540229885,0.44954128440366975,8.0,0.045871559633027525,0,4,0,0,4
464,1,6,216,2,1,0,0.9410919540229885,0.44954128440366975,10.333333333333334,0.045871559633027525,0,2,0,1,3
224,0,6,480,8,1,0,0.9410919540229885,0.44954128440366975,11.0,0.045871559633027525,1,3,0,3,8
220,0,6,432,5,1,0,0.9410919540229885,0.44954128440366975,9.428571428571429,0.045871559633027525,1,4,0,2,7
216,0,6,300,1,1,0,0.9410919540229885,0.44954128440366975,6.666666666666667,0.045871559633027525,1,2,0,0,3
213,0,6,432,6,1,0,0.9410919540229885,0.44954128440366975,11.428571428571429,0.045871559633027525,1,2,0,4,7
217,0,7,300,5,1,0,0.9410919540229885,0.44954128440366975,15.0,0.045871559633027525,0,0,0,5,5
230,0,6,432,6,1,0,0.9410919540229885,0.44954128440366975,10.142857142857142,0.045871559633027525,1,3,0,3,7
215,0,6,300,5,0,1,0.9410919540229885,0.44954128440366975,8.2,0.045871559633027525,1,3,0,1,5
212,0,6,300,4,1,0,0.9410919540229885,0.44954128440366975,9.2,0.045871559633027525,2,1,0,2,5
211,0,6,300,5,0,1,0.9410919540229885,0.44954128440366975,15.0,0.045871559633027525,0,0,0,5,5
524,0,5,480,7,0,0,0.9410919540229885,0.44954128440366975,7.25,0.045871559633027525,1,7,0,0,8
232,0,6,432,7,1,0,0.9410919540229885,0.44954128440366975,12.0,0.045871559633027525,0,3,0,4,7
221,0,6,432,6,1,0,0.9410919540229885,0.44954128440366975,9.428571428571429,0.045871559633027525,1,4,0,1,7
32,1,3,140,3,0,1,0.789873417721519,0.3076923076923077,4.0,0.038461538461538464,3,0,0,0,3
228,0,6,432,6,1,0,0.9410919540229885,0.44954128440366975,10.833333333333334,0.045871559633027525,1,2,0,1,6
29,1,3,200,2,0,1,0.789873417721519,0.3076923076923077,5.333333333333333,0.038461538461538464,2,1,0,0,3
42,1,2,150,3,0,0,0.789873417721519,0.3076923076923077,4.666666666666667,0.038461538461538464,2,1,0,0,3
31,1,2,200,3,0,0,0.789873417721519,0.3076923076923077,5.333333333333333,0.038461538461538464,2,1,0,0,3
485,1,2,200,3,0,0,0.789873417721519,0.3076923076923077,6.666666666666667,0.038461538461538464,1,2,0,0,3
46,1,2,150,3,0,0,0.789873417721519,0.3076923076923077,5.333333333333333,0.038461538461538464,2,1,0,0,3
39,1,2,200,3,0,0,0.789873417721519,0.3076923076923077,5.333333333333333,0.038461538461538464,2,1,0,0,3
38,0,4,280,4,0,1,0.789873417721519,0.3076923076923077,5.333333333333333,0.038461538461538464,2,1,0,0,3
52,0,2,280,1,0,0,0.789873417721519,0.3076923076923077,8.0,0.038461538461538464,0,2,0,0,2
43,0,4,280,3,0,1,0.789873417721519,0.3076923076923077,5.333333333333333,0.038461538461538464,2,1,0,0,3
410,1,2,200,4,0,0,0.789873417721519,0.3076923076923077,5.333333333333333,0.038461538461538464,2,1,0,0,3
35,0,3,270,2,0,1,0.789873417721519,0.3076923076923077,5.333333333333333,0.038461538461538464,2,1,0,0,3
34,1,4,180,2,1,1,0.789873417721519,0.3076923076923077,13.0,0.038461538461538464,0,0,2,0,2
435,0,3,340,6,0,1,0.789873417721519,0.3076923076923077,4.4,0.038461538461538464,4,1,0,0,5
158,0,2,340,3,0,0,0.789873417721519,0.3076923076923077,5.0,0.038461538461538464,3,1,0,0,4
44,0,4,340,3,1,1,0.789873417721519,0.3076923076923077,4.0,0.038461538461538464,5,0,0,0,5
48,1,3,200,3,0,1,0.789873417721519,0.3076923076923077,5.333333333333333,0.038461538461538464,2,1,0,0,3
217,0,7,300,5,1,0,0.8576839826839827,0.45714285714285713,15.0,0.0380952380952381,0,0,0,5,5
212,0,6,300,4,1,0,0.8576839826839827,0.45714285714285713,9.2,0.0380952380952381,2,1,0,2,5
216,0,6,300,1,1,0,0.8576839826839827,0.45714285714285713,7.0,0.0380952380952381,1,3,0,0,4
215,0,6,300,5,0,1,0.8576839826839827,0.45714285714285713,8.25,0.0380952380952381,1,2,0,1,4
225,0,6,402,2,1,0,0.8576839826839827,0.45714285714285713,6.666666666666667,0.0380952380952381,1,2,0,0,3
214,0,6,480,7,0,1,0.8576839826839827,0.45714285714285713,15.0,0.0380952380952381,0,0,0,1,2
464,1,6,216,2,1,0,0.8576839826839827,0.45714285714285713,10.333333333333334,0.0380952380952381,0,2,0,1,3
218,0,6,432,4,1,0,0.8576839826839827,0.45714285714285713,12.0,0.0380952380952381,0,3,0,4,7
228,0,6,432,6,1,0,0.8576839826839827,0.45714285714285713,10.833333333333334,0.0380952380952381,1,2,0,1,6
220,0,6,432,7,1,0,0.8576839826839827,0.45714285714285713,8.428571428571429,0.0380952380952381,1,5,0,1,7
221,0,6,432,7,1,0,0.8576839826839827,0.45714285714285713,8.428571428571429,0.0380952380952381,1,5,0,1,7
222,0,7,432,2,1,0,0.8576839826839827,0.45714285714285713,12.0,0.0380952380952381,0,3,0,3,7
223,0,6,432,8,1,0,0.8576839826839827,0.45714285714285713,15.0,0.0380952380952381,0,0,0,8,8
213,0,6,432,6,1,0,0.8576839826839827,0.45714285714285713,9.857142857142858,0.0380952380952381,2,2,0,3,7
226,1,5,210,3,0,0,0.8576839826839827,0.45714285714285713,8.0,0.0380952380952381,0,3,0,0,3
211,0,6,300,5,0,1,0.8576839826839827,0.45714285714285713,15.0,0.0380952380952381,0,0,0,5,5
219,0,6,432,7,1,0,0.8576839826839827,0.45714285714285713,11.0,0.0380952380952381,0,4,0,3,7
524,0,5,480,5,0,0,0.8576839826839827,0.45714285714285713,7.0,0.0380952380952381,1,5,0,0,6
31,1,2,200,4,0,0,0.8229426433915212,0.3148148148148148,5.333333333333333,0.037037037037037035,2,1,0,0,3
46,0,2,350,3,0,0,0.8229426433915212,0.3148148148148148,5.6,0.037037037037037035,3,2,0,0,5
158,0,2,340,3,0,0,0.8229426433915212,0.3148148148148148,4.8,0.037037037037037035,4,1,0,0,5
32,1,3,140,2,0,1,0.8229426433915212,0.3148148148148148,4.0,0.037037037037037035,3,0,0,0,3
44,0,4,340,3,1,1,0.8229426433915212,0.3148148148148148,4.0,0.037037037037037035,3,0,0,0,3
435,0,3,340,6,0,1,0.8229426433915212,0.3148148148148148,5.2,0.037037037037037035,3,2,0,0,5
410,0,2,340,3,0,0,0.8229426433915212,0.3148148148148148,5.0,0.037037037037037035,3,1,0,0,4
34,1,4,180,2,1,1,0.8229426433915212,0.3148148148148148,11.333333333333334,0.037037037037037035,0,1,2,0,3
48,0,3,330,2,0,1,0.8229426433915212,0.3148148148148148,5.0,0.037037037037037035,3,1,0,0,4
38,0,4,280,4,0,1,0.8229426433915212,0.3148148148148148,6.0,0.037037037037037035,2,2,0,0,4
39,1,2,200,3,0,0,0.8229426433915212,0.3148148148148148,5.333333333333333,0.037037037037037035,2,1,0,0,3
230,0,6,432,5,1,0,0.8576839826839827,0.45714285714285713,9.6,0.0380952380952381,1,2,0,2,5
485,0,2,340,4,0,0,0.8229426433915212,0.3148148148148148,5.6,0.037037037037037035,3,2,0,0,5
313,1,6,216,4,1,0,0.8576839826839827,0.45714285714285713,7.5,0.0380952380952381,0,4,0,0,4
42,1,2,150,3,0,0,0.8229426433915212,0.3148148148148148,4.666666666666667,0.037037037037037035,2,1,0,0,3
29,1,3,200,3,0,1,0.8229426433915212,0.3148148148148148,5.333333333333333,0.037037037037037035,2,1,0,0,3
43,0,4,280,3,0,1,0.8229426433915212,0.3148148148148148,5.333333333333333,0.037037037037037035,2,1,0,0,3
32,1,3,140,2,0,1,0.724373576309795,0.2692307692307692,4.0,0.057692307692307696,2,0,0,0,2
44,0,4,340,3,1,1,0.724373576309795,0.2692307692307692,4.0,0.057692307692307696,2,0,0,0,2
35,0,3,270,3,0,1,0.724373576309795,0.2692307692307692,5.333333333333333,0.057692307692307696,2,1,0,0,3
34,1,4,200,1,1,1,0.724373576309795,0.2692307692307692,13.0,0.057692307692307696,0,0,3,0,3
435,0,3,340,5,0,1,0.724373576309795,0.2692307692307692,4.4,0.057692307692307696,4,1,0,0,5
410,0,2,340,3,0,0,0.724373576309795,0.2692307692307692,5.2,0.057692307692307696,3,2,0,0,5
38,0,4,280,4,0,1,0.724373576309795,0.2692307692307692,6.0,0.057692307692307696,2,2,0,0,4
212,0,6,300,5,1,0,0.9067579127459366,0.4392523364485981,9.2,0.037383177570093455,2,1,0,2,5
39,1,2,200,3,0,0,0.724373576309795,0.2692307692307692,5.333333333333333,0.057692307692307696,2,1,0,0,3
485,0,2,340,5,0,0,0.724373576309795,0.2692307692307692,5.6,0.057692307692307696,3,2,0,0,5
158,0,2,340,3,0,0,0.724373576309795,0.2692307692307692,5.0,0.057692307692307696,3,1,0,0,4
40,1,2,150,3,0,0,0.724373576309795,0.2692307692307692,4.0,0.057692307692307696,2,0,0,0,2
31,1,2,200,3,0,0,0.724373576309795,0.2692307692307692,5.333333333333333,0.057692307692307696,2,1,0,0,3
42,0,2,340,2,0,0,0.724373576309795,0.2692307692307692,3.3333333333333335,0.057692307692307696,3,0,0,0,3
29,1,3,200,3,0,1,0.724373576309795,0.2692307692307692,4.0,0.057692307692307696,2,0,0,0,2
43,0,4,280,2,0,1,0.724373576309795,0.2692307692307692,4.0,0.057692307692307696,2,0,0,0,2
52,0,2,280,1,0,0,0.724373576309795,0.2692307692307692,8.0,0.057692307692307696,0,3,0,0,3
46,1,2,150,3,0,0,0.724373576309795,0.2692307692307692,5.333333333333333,0.057692307692307696,2,1,0,0,3
228,0,6,432,6,1,0,0.9067579127459366,0.4392523364485981,10.833333333333334,0.037383177570093455,1,2,0,1,6
227,0,6,432,7,1,0,0.9067579127459366,0.4392523364485981,7.142857142857143,0.037383177570093455,1,6,0,0,7
464,1,6,216,1,1,0,0.9067579127459366,0.4392523364485981,11.5,0.037383177570093455,0,1,0,1,2
230,0,6,432,3,1,0,0.9067579127459366,0.4392523364485981,11.5,0.037383177570093455,0,3,0,3,6
226,1,5,210,3,0,0,0.9067579127459366,0.4392523364485981,7.0,0.037383177570093455,1,3,0,0,4
313,1,6,216,4,1,0,0.9067579127459366,0.4392523364485981,7.5,0.037383177570093455,0,4,0,0,4
223,0,6,432,8,1,0,0.9067579127459366,0.4392523364485981,15.0,0.037383177570093455,0,0,0,8,8
221,0,6,432,7,1,0,0.9067579127459366,0.4392523364485981,8.428571428571429,0.037383177570093455,1,5,0,1,7
220,0,6,432,6,1,0,0.9067579127459366,0.4392523364485981,9.428571428571429,0.037383177570093455,1,4,0,2,7
218,0,6,432,4,1,0,0.9067579127459366,0.4392523364485981,12.375,0.037383177570093455,0,3,0,5,8
210,0,6,402,1,1,0,0.9067579127459366,0.4392523364485981,8.75,0.037383177570093455,1,2,0,0,4
222,0,7,432,8,1,0,0.9067579127459366,0.4392523364485981,12.0,0.037383177570093455,0,3,0,4,7
216,0,6,300,1,1,0,0.9067579127459366,0.4392523364485981,6.5,0.037383177570093455,1,3,0,0,4
215,0,6,300,5,0,1,0.9067579127459366,0.4392523364485981,15.0,0.037383177570093455,0,0,0,5,5
213,0,6,432,6,1,0,0.9067579127459366,0.4392523364485981,10.142857142857142,0.037383177570093455,1,3,0,3,7
224,0,6,480,7,1,0,0.9067579127459366,0.4392523364485981,10.5,0.037383177570093455,2,2,0,3,8
225,0,6,402,2,1,0,0.9067579127459366,0.4392523364485981,6.666666666666667,0.037383177570093455,1,2,0,0,3
217,0,7,300,5,1,0,0.9067579127459366,0.4392523364485981,15.0,0.037383177570093455,0,0,0,5,5
42,1,2,150,2,0,0,0.9152046783625731,0.32075471698113206,5.5,0.05660377358490566,2,2,0,0,4
32,1,3,140,3,0,1,0.9152046783625731,0.32075471698113206,5.333333333333333,0.05660377358490566,2,1,0,0,3
44,0,3,340,3,0,1,0.9152046783625731,0.32075471698113206,6.0,0.05660377358490566,3,3,0,0,6
435,0,3,250,3,1,0,0.9152046783625731,0.32075471698113206,9.0,0.05660377358490566,2,0,3,0,5
35,0,3,270,2,0,1,0.9152046783625731,0.32075471698113206,5.0,0.05660377358490566,3,1,0,0,4
158,0,2,340,4,0,0,0.9152046783625731,0.32075471698113206,5.6,0.05660377358490566,3,2,0,0,5
410,0,2,340,3,0,0,0.9152046783625731,0.32075471698113206,4.8,0.05660377358490566,4,1,0,0,5
48,0,3,330,3,0,1,0.9152046783625731,0.32075471698113206,5.666666666666667,0.05660377358490566,3,3,0,0,6
39,1,2,200,3,0,0,0.9152046783625731,0.32075471698113206,5.333333333333333,0.05660377358490566,2,1,0,0,3
29,1,3,200,3,0,1,0.9152046783625731,0.32075471698113206,5.333333333333333,0.05660377358490566,2,1,0,0,3
40,1,2,150,4,0,0,0.9152046783625731,0.32075471698113206,5.0,0.05660377358490566,3,1,0,0,4
212,0,6,300,4,1,0,0.880199179847686,0.42574257425742573,10.5,0.039603960396039604,1,1,0,2,4
215,0,6,300,5,0,1,0.880199179847686,0.42574257425742573,15.0,0.039603960396039604,0,0,0,5,5
216,0,6,300,1,1,0,0.880199179847686,0.42574257425742573,6.0,0.039603960396039604,1,2,0,0,3
217,0,7,300,5,1,0,0.880199179847686,0.42574257425742573,15.0,0.039603960396039604,0,0,0,5,5
210,0,6,402,1,1,0,0.880199179847686,0.42574257425742573,6.666666666666667,0.039603960396039604,1,2,0,0,3
218,0,6,432,2,1,0,0.880199179847686,0.42574257425742573,9.0,0.039603960396039604,2,2,0,1,6
220,0,6,432,6,1,0,0.880199179847686,0.42574257425742573,9.428571428571429,0.039603960396039604,1,4,0,2,7
221,0,6,432,6,1,0,0.880199179847686,0.42574257425742573,8.428571428571429,0.039603960396039604,1,5,0,1,7
222,0,7,432,7,1,0,0.880199179847686,0.42574257425742573,12.0,0.039603960396039604,0,3,0,4,7
213,0,6,432,6,1,0,0.880199179847686,0.42574257425742573,10.142857142857142,0.039603960396039604,1,3,0,3,7
224,0,6,480,7,1,0,0.880199179847686,0.42574257425742573,10.5,0.039603960396039604,2,2,0,3,8
226,1,5,210,3,0,0,0.880199179847686,0.42574257425742573,8.0,0.039603960396039604,0,3,0,0,3
313,1,6,216,4,1,0,0.880199179847686,0.42574257425742573,7.5,0.039603960396039604,0,4,0,0,4
227,0,6,432,5,1,0,0.880199179847686,0.42574257425742573,7.0,0.039603960396039604,1,5,0,0,6
43,0,4,280,2,0,1,0.9152046783625731,0.32075471698113206,4.0,0.05660377358490566,3,0,0,0,3
46,1,2,150,3,0,0,0.9152046783625731,0.32075471698113206,5.333333333333333,0.05660377358490566,2,1,0,0,3
223,0,6,432,8,1,0,0.880199179847686,0.42574257425742573,15.0,0.039603960396039604,0,0,0,8,8
52,0,2,280,2,0,0,0.9152046783625731,0.32075471698113206,8.0,0.05660377358490566,0,3,0,0,3
230,0,6,432,3,1,0,0.880199179847686,0.42574257425742573,11.5,0.039603960396039604,0,3,0,3,6
232,0,6,432,6,1,0,0.880199179847686,0.42574257425742573,12.666666666666666,0.039603960396039604,0,2,0,4,6
228,0,6,432,6,1,0,0.880199179847686,0.42574257425742573,10.833333333333334,0.039603960396039604,1,2,0,1,6
230,0,6,432,3,1,0,0.9059443190368698,0.42574257425742573,10.428571428571429,0.039603960396039604,1,3,0,3,7
44,0,3,340,4,0,1,1.079245283018868,0.3076923076923077,5.333333333333333,0.038461538461538464,6,3,0,0,9
43,0,4,280,2,0,1,1.079245283018868,0.3076923076923077,5.0,0.038461538461538464,3,1,0,0,4
42,1,2,150,1,0,0,1.079245283018868,0.3076923076923077,5.333333333333333,0.038461538461538464,2,1,0,0,3
31,1,2,200,3,0,0,1.079245283018868,0.3076923076923077,5.0,0.038461538461538464,3,1,0,0,4
29,1,3,200,3,1,0,1.079245283018868,0.3076923076923077,10.75,0.038461538461538464,1,0,3,0,4
485,1,2,200,4,0,0,1.079245283018868,0.3076923076923077,5.0,0.038461538461538464,3,1,0,0,4
39,1,2,200,3,0,0,1.079245283018868,0.3076923076923077,6.0,0.038461538461538464,2,2,0,0,4
40,1,2,150,3,0,0,1.079245283018868,0.3076923076923077,5.0,0.038461538461538464,4,2,0,0,6
35,0,3,270,3,0,1,1.079245283018868,0.3076923076923077,6.4,0.038461538461538464,2,3,0,0,5
34,1,3,180,1,0,1,1.079245283018868,0.3076923076923077,4.666666666666667,0.038461538461538464,2,1,0,0,3
158,0,2,340,4,0,0,1.079245283018868,0.3076923076923077,5.333333333333333,0.038461538461538464,4,2,0,0,6
228,0,6,432,6,1,0,0.9059443190368698,0.42574257425742573,10.428571428571429,0.039603960396039604,1,3,0,1,7
464,1,6,216,2,1,0,0.9059443190368698,0.42574257425742573,6.0,0.039603960396039604,1,2,0,0,3
32,1,3,140,3,0,1,1.079245283018868,0.3076923076923077,6.0,0.038461538461538464,2,2,0,0,4
226,1,5,210,3,0,0,0.9059443190368698,0.42574257425742573,8.0,0.039603960396039604,0,4,0,0,4
223,0,6,432,8,1,0,0.9059443190368698,0.42574257425742573,15.0,0.039603960396039604,0,0,0,8,8
313,1,6,216,4,1,0,0.9059443190368698,0.42574257425742573,7.5,0.039603960396039604,0,4,0,0,4
224,0,6,432,7,1,0,0.9059443190368698,0.42574257425742573,10.857142857142858,0.039603960396039604,2,1,0,3,7
219,0,6,480,6,1,0,0.9059443190368698,0.42574257425742573,11.5,0.039603960396039604,0,3,0,3,6
218,0,6,432,1,1,0,0.9059443190368698,0.42574257425742573,12.0,0.039603960396039604,0,3,0,4,7
213,0,6,480,6,1,0,0.9059443190368698,0.42574257425742573,11.0,0.039603960396039604,1,3,0,4,8
217,0,7,315,4,1,0,0.9059443190368698,0.42574257425742573,15.0,0.039603960396039604,0,0,0,4,4
216,0,6,300,2,1,0,0.9059443190368698,0.42574257425742573,6.0,0.039603960396039604,2,3,0,0,5
214,0,6,432,6,0,1,0.9059443190368698,0.42574257425742573,10.833333333333334,0.039603960396039604,1,2,0,2,6
212,0,6,300,5,1,0,0.9059443190368698,0.42574257425742573,9.2,0.039603960396039604,2,1,0,2,5
211,0,6,300,5,0,1,0.9059443190368698,0.42574257425742573,15.0,0.039603960396039604,0,0,0,5,5
524,0,5,432,6,0,0,0.9059443190368698,0.42574257425742573,7.142857142857143,0.039603960396039604,1,6,0,0,7
210,0,6,402,1,1,0,0.9059443190368698,0.42574257425742573,7.0,0.039603960396039604,1,3,0,0,4
225,0,6,402,2,1,0,0.9059443190368698,0.42574257425742573,8.75,0.039603960396039604,1,2,0,1,4
225,0,6,402,3,1,0,0.8758465011286681,0.46,7.8,0.04,2,2,0,1,5
218,0,6,432,6,1,0,0.8758465011286681,0.46,11.5,0.04,0,4,0,4,8
210,0,6,402,1,1,0,0.8758465011286681,0.46,6.666666666666667,0.04,1,2,0,0,3
217,0,7,315,5,1,0,0.8758465011286681,0.46,13.6,0.04,0,1,0,4,5
216,0,6,300,3,1,0,0.8758465011286681,0.46,6.8,0.04,1,4,0,0,5
224,0,6,432,7,1,0,0.8758465011286681,0.46,10.857142857142858,0.04,2,1,0,3,7
212,0,6,300,4,1,0,0.8758465011286681,0.46,7.75,0.04,2,1,0,1,4
32,1,3,140,3,0,1,0.9041916167664671,0.34,5.333333333333333,0.04,2,1,0,0,3
40,0,2,340,3,0,0,0.9041916167664671,0.34,5.666666666666667,0.04,3,3,0,0,6
44,0,3,340,3,0,1,0.9041916167664671,0.34,4.666666666666667,0.04,5,1,0,0,6
435,0,2,340,4,0,0,0.9041916167664671,0.34,5.2,0.04,3,2,0,0,5
211,0,6,300,4,0,1,0.8758465011286681,0.46,15.0,0.04,0,0,0,4,4
34,1,3,180,2,0,1,0.9041916167664671,0.34,6.666666666666667,0.04,1,2,0,0,3
410,0,2,340,3,0,0,0.9041916167664671,0.34,4.8,0.04,4,1,0,0,5
39,1,2,200,3,0,0,0.9041916167664671,0.34,5.333333333333333,0.04,2,1,0,0,3
485,0,2,340,4,0,0,0.9041916167664671,0.34,4.8,0.04,4,1,0,0,5
158,0,2,340,4,0,0,0.9041916167664671,0.34,5.6,0.04,3,2,0,0,5
31,1,2,200,1,0,0,0.9041916167664671,0.34,6.666666666666667,0.04,1,2,0,0,3
42,1,2,150,1,0,0,0.9041916167664671,0.34,5.333333333333333,0.04,2,1,0,0,3
29,1,3,150,3,1,0,0.9041916167664671,0.34,11.333333333333334,0.04,0,1,2,0,3
524,0,5,432,4,0,0,0.8758465011286681,0.46,7.0,0.04,1,5,0,0,6
43,0,4,280,2,0,1,0.9041916167664671,0.34,5.333333333333333,0.04,2,1,0,0,3
222,0,7,480,6,1,0,0.8758465011286681,0.46,11.5,0.04,0,3,0,3,6
223,0,6,432,8,1,0,0.8758465011286681,0.46,15.0,0.04,0,0,0,8,8
214,0,6,432,6,0,1,0.8758465011286681,0.46,11.5,0.04,0,3,0,2,6
230,0,6,432,3,1,0,0.8758465011286681,0.46,10.428571428571429,0.04,1,3,0,3,7
464,1,6,216,2,1,0,0.8758465011286681,0.46,6.0,0.04,1,2,0,0,3
313,1,6,216,4,1,0,0.8758465011286681,0.46,7.5,0.04,0,4,0,0,4
228,0,6,432,5,1,0,0.8758465011286681,0.46,9.428571428571429,0.04,1,4,0,1,7
226,1,5,210,3,0,0,0.8758465011286681,0.46,8.0,0.04,0,4,0,0,4
213,0,6,480,6,1,0,0.8758465011286681,0.46,11.0,0.04,1,3,0,4,8
38,0,4,280,4,0,1,0.7461928934010152,0.3333333333333333,6.666666666666667,0.041666666666666664,2,4,0,0,6
52,0,2,280,1,0,0,0.7461928934010152,0.3333333333333333,8.0,0.041666666666666664,0,2,0,0,2
485,0,2,340,4,0,0,0.7461928934010152,0.3333333333333333,5.0,0.041666666666666664,3,1,0,0,4
158,0,2,340,4,0,0,0.7461928934010152,0.3333333333333333,6.0,0.041666666666666664,2,2,0,0,4
35,0,3,270,3,0,1,0.7461928934010152,0.3333333333333333,5.333333333333333,0.041666666666666664,2,1,0,0,3
34,1,3,200,2,0,1,0.7461928934010152,0.3333333333333333,5.333333333333333,0.041666666666666664,2,1,0,0,3
435,0,2,340,4,0,0,0.7461928934010152,0.3333333333333333,5.5,0.041666666666666664,2,2,0,0,4
44,0,3,340,3,0,1,0.7461928934010152,0.3333333333333333,4.0,0.041666666666666664,4,0,0,0,4
32,1,3,140,3,0,1,0.7461928934010152,0.3333333333333333,4.0,0.041666666666666664,3,0,0,0,3
40,1,2,150,3,0,0,0.7461928934010152,0.3333333333333333,5.333333333333333,0.041666666666666664,2,1,0,0,3
31,1,2,200,1,0,0,0.7461928934010152,0.3333333333333333,6.666666666666667,0.041666666666666664,1,2,0,0,3
39,1,2,200,3,0,0,0.7461928934010152,0.3333333333333333,5.333333333333333,0.041666666666666664,2,1,0,0,3
410,0,2,340,2,0,0,0.7461928934010152,0.3333333333333333,3.5,0.041666666666666664,4,0,0,0,4
524,0,5,432,5,0,0,0.7799479166666666,0.43,6.8,0.05,1,4,0,0,5
211,0,6,300,5,0,1,0.7799479166666666,0.43,15.0,0.05,0,0,0,5,5
230,0,6,432,3,1,0,0.7799479166666666,0.43,11.5,0.05,0,3,0,3,6
228,0,6,432,6,1,0,0.7799479166666666,0.43,12.2,0.05,0,2,0,1,5
227,0,6,432,6,1,0,0.7799479166666666,0.43,7.0,0.05,1,5,0,0,6
464,1,6,216,2,1,0,0.7799479166666666,0.43,8.0,0.05,0,3,0,0,3
225,0,6,402,4,1,0,0.7799479166666666,0.43,6.0,0.05,2,2,0,0,4
224,0,6,432,6,1,0,0.7799479166666666,0.43,11.333333333333334,0.05,2,0,0,3,6
213,0,6,480,4,1,0,0.7799479166666666,0.43,12.2,0.05,0,2,0,3,5
223,0,6,432,8,1,0,0.7799479166666666,0.43,15.0,0.05,0,0,0,8,8
222,0,7,480,1,1,0,0.7799479166666666,0.43,13.0,0.05,0,2,0,5,7
221,0,6,432,6,1,0,0.7799479166666666,0.43,7.833333333333333,0.05,2,3,0,1,6
220,0,6,432,5,1,0,0.7799479166666666,0.43,7.2,0.05,1,4,0,0,5
219,0,6,480,6,1,0,0.7799479166666666,0.43,10.714285714285714,0.05,0,4,0,3,7
218,0,6,432,5,1,0,0.7799479166666666,0.43,12.2,0.05,0,2,0,3,5
210,0,6,402,1,1,0,0.7799479166666666,0.43,8.0,0.05,0,1,0,0,1
216,0,6,300,3,1,0,0.7799479166666666,0.43,8.25,0.05,1,2,0,1,4
214,0,6,432,7,0,1,0.7799479166666666,0.43,10.142857142857142,0.05,1,3,0,2,7
215,0,6,300,0,0,1,0.7799479166666666,0.43,9.2,0.05,2,1,0,2,5
42,0,2,340,1,0,0,0.7461928934010152,0.3333333333333333,4.0,0.041666666666666664,2,0,0,0,2
29,1,3,180,3,1,0,0.7461928934010152,0.3333333333333333,8.333333333333334,0.041666666666666664,1,1,1,0,3
32,1,3,140,3,0,1,0.8046647230320699,0.3111111111111111,4.0,0.044444444444444446,2,0,0,0,2
44,0,3,340,3,0,1,0.8046647230320699,0.3111111111111111,4.0,0.044444444444444446,3,0,0,0,3
225,0,6,402,1,1,0,0.7877578176979375,0.45544554455445546,4.0,0.0594059405940594,1,0,0,0,1
35,0,3,270,3,0,1,0.8046647230320699,0.3111111111111111,5.333333333333333,0.044444444444444446,2,1,0,0,3
224,0,6,432,6,1,0,0.7877578176979375,0.45544554455445546,11.428571428571429,0.0594059405940594,1,2,0,3,7
464,1,6,216,4,1,0,0.7877578176979375,0.45544554455445546,8.0,0.0594059405940594,0,4,0,0,4
227,0,6,432,6,1,0,0.7877578176979375,0.45544554455445546,7.0,0.0594059405940594,1,5,0,0,6
228,0,6,432,6,1,0,0.7877578176979375,0.45544554455445546,11.5,0.0594059405940594,0,3,0,1,6
230,0,6,432,3,1,0,0.7877578176979375,0.45544554455445546,11.5,0.0594059405940594,0,3,0,3,6
221,0,6,432,7,1,0,0.7877578176979375,0.45544554455445546,7.571428571428571,0.0594059405940594,2,4,0,1,7
435,0,2,340,4,0,0,0.8046647230320699,0.3111111111111111,5.666666666666667,0.044444444444444446,3,3,0,0,6
220,0,6,432,7,1,0,0.7877578176979375,0.45544554455445546,8.5,0.0594059405940594,1,4,0,1,6
219,0,6,480,6,1,0,0.7877578176979375,0.45544554455445546,10.714285714285714,0.0594059405940594,0,4,0,3,7
210,0,6,402,1,1,0,0.7877578176979375,0.45544554455445546,8.0,0.0594059405940594,0,1,0,0,1
217,0,7,315,5,1,0,0.7877578176979375,0.45544554455445546,15.0,0.0594059405940594,0,0,0,5,5
216,0,6,300,2,1,0,0.7877578176979375,0.45544554455445546,6.0,0.0594059405940594,1,2,0,0,3
223,0,6,432,8,1,0,0.7877578176979375,0.45544554455445546,15.0,0.0594059405940594,0,0,0,8,8
215,0,6,300,0,0,1,0.7877578176979375,0.45544554455445546,10.5,0.0594059405940594,1,1,0,2,4
218,0,6,432,5,1,0,0.7877578176979375,0.45544554455445546,12.666666666666666,0.0594059405940594,0,2,0,4,6
211,0,6,300,6,0,1,0.7877578176979375,0.45544554455445546,15.0,0.0594059405940594,0,0,0,4,4
524,0,5,432,5,0,0,0.7877578176979375,0.45544554455445546,7.0,0.0594059405940594,1,5,0,0,6
43,0,4,280,2,0,1,0.8046647230320699,0.3111111111111111,5.333333333333333,0.044444444444444446,2,1,0,0,3
29,1,3,180,2,1,0,0.8046647230320699,0.3111111111111111,5.333333333333333,0.044444444444444446,2,1,0,0,3
42,1,2,150,1,0,0,0.8046647230320699,0.3111111111111111,5.333333333333333,0.044444444444444446,2,1,0,0,3
40,1,2,150,3,0,0,0.8046647230320699,0.3111111111111111,5.333333333333333,0.044444444444444446,2,1,0,0,3
158,0,2,340,4,0,0,0.8046647230320699,0.3111111111111111,5.6,0.044444444444444446,3,2,0,0,5
485,0,2,340,4,0,0,0.8046647230320699,0.3111111111111111,4.8,0.044444444444444446,4,1,0,0,5
38,0,4,280,3,0,1,0.8046647230320699,0.3111111111111111,5.6,0.044444444444444446,3,2,0,0,5
52,0,2,280,1,0,0,0.8046647230320699,0.3111111111111111,8.0,0.044444444444444446,0,2,0,0,2
410,0,2,340,1,0,0,0.8046647230320699,0.3111111111111111,4.4,0.044444444444444446,4,1,0,0,5
214,0,6,432,7,0,1,0.7877578176979375,0.45544554455445546,10.142857142857142,0.0594059405940594,1,3,0,2,7
222,0,7,480,1,1,0,0.7877578176979375,0.45544554455445546,12.0,0.0594059405940594,0,3,0,4,7
34,0,3,340,1,0,1,0.707774798927614,0.32558139534883723,6.0,0.046511627906976744,2,3,0,0,5
48,0,3,330,2,0,1,0.707774798927614,0.32558139534883723,5.5,0.046511627906976744,2,2,0,0,4
44,0,3,340,3,0,1,0.707774798927614,0.32558139534883723,5.6,0.046511627906976744,3,2,0,0,5
49,0,3,340,1,0,1,0.707774798927614,0.32558139534883723,5.0,0.046511627906976744,3,1,0,0,4
38,0,4,280,3,0,1,0.707774798927614,0.32558139534883723,5.6,0.046511627906976744,3,2,0,0,5
46,1,2,150,3,0,0,0.707774798927614,0.32558139534883723,5.333333333333333,0.046511627906976744,2,1,0,0,3
485,0,2,340,4,0,0,0.707774798927614,0.32558139534883723,5.0,0.046511627906976744,3,1,0,0,4
40,1,2,150,3,0,0,0.707774798927614,0.32558139534883723,4.0,0.046511627906976744,2,0,0,0,2
42,1,2,150,2,0,0,0.707774798927614,0.32558139534883723,6.0,0.046511627906976744,1,1,0,0,2
43,0,4,280,3,0,1,0.707774798927614,0.32558139534883723,5.333333333333333,0.046511627906976744,2,1,0,0,3
50,0,3,340,4,1,0,0.707774798927614,0.32558139534883723,4.0,0.046511627906976744,2,0,0,0,2
35,0,3,270,3,0,1,0.707774798927614,0.32558139534883723,5.333333333333333,0.046511627906976744,2,1,0,0,3
32,1,3,140,3,0,1,0.707774798927614,0.32558139534883723,4.0,0.046511627906976744,2,0,0,0,2
52,0,2,280,0,0,0,0.707774798927614,0.32558139534883723,8.0,0.046511627906976744,0,2,0,0,2
226,1,5,210,4,0,0,0.7448314924950439,0.5393258426966292,8.0,0.0898876404494382,0,4,0,0,4
212,0,6,300,3,1,0,0.7448314924950439,0.5393258426966292,6.666666666666667,0.0898876404494382,1,2,0,0,3
232,0,6,432,3,1,0,0.7448314924950439,0.5393258426966292,7.333333333333333,0.0898876404494382,0,3,0,0,3
230,0,6,432,4,1,0,0.7448314924950439,0.5393258426966292,10.5,0.0898876404494382,1,2,0,3,6
215,0,6,300,1,0,1,0.7448314924950439,0.5393258426966292,8.333333333333334,0.0898876404494382,1,1,0,1,3
218,0,6,432,5,1,0,0.7448314924950439,0.5393258426966292,12.666666666666666,0.0898876404494382,0,2,0,4,6
217,0,7,300,3,1,0,0.7448314924950439,0.5393258426966292,15.0,0.0898876404494382,0,0,0,2,2
210,0,6,402,1,1,0,0.7448314924950439,0.5393258426966292,6.0,0.0898876404494382,1,1,0,0,2
219,0,6,432,6,1,0,0.7448314924950439,0.5393258426966292,11.0,0.0898876404494382,0,4,0,2,7
220,0,6,432,6,1,0,0.7448314924950439,0.5393258426966292,6.571428571428571,0.0898876404494382,2,5,0,0,7
223,0,6,432,7,1,0,0.7448314924950439,0.5393258426966292,15.0,0.0898876404494382,0,0,0,6,7
225,0,6,402,1,1,0,0.7448314924950439,0.5393258426966292,4.0,0.0898876404494382,1,0,0,0,1
313,1,6,216,4,1,0,0.7448314924950439,0.5393258426966292,7.5,0.0898876404494382,0,4,0,0,4
211,0,6,300,4,0,1,0.7448314924950439,0.5393258426966292,15.0,0.0898876404494382,0,0,0,4,4
213,0,6,432,6,1,0,0.7448314924950439,0.5393258426966292,10.5,0.0898876404494382,1,2,0,3,6
227,0,6,480,6,1,0,0.7448314924950439,0.5393258426966292,7.142857142857143,0.0898876404494382,1,6,0,0,7
228,0,6,480,6,1,0,0.7448314924950439,0.5393258426966292,11.5,0.0898876404494382,0,3,0,1,6
524,0,5,432,6,0,0,0.7448314924950439,0.5393258426966292,6.571428571428571,0.0898876404494382,2,5,0,0,7
464,1,6,216,4,1,0,0.7448314924950439,0.5393258426966292,8.0,0.0898876404494382,0,4,0,0,4
221,0,6,480,6,1,0,0.6169154228855721,0.819672131147541,6.333333333333333,0.13114754098360656,2,4,0,0,6
220,0,6,432,7,1,0,0.6169154228855721,0.819672131147541,6.571428571428571,0.13114754098360656,2,5,0,0,7
219,0,6,432,3,1,0,0.6169154228855721,0.819672131147541,8.0,0.13114754098360656,0,4,0,0,4
218,0,6,432,2,1,0,0.6169154228855721,0.819672131147541,8.0,0.13114754098360656,0,2,0,0,2
210,0,6,402,1,1,0,0.6169154228855721,0.819672131147541,8.0,0.13114754098360656,0,1,0,0,1
225,0,6,402,1,1,0,0.6169154228855721,0.819672131147541,4.0,0.13114754098360656,1,0,0,0,1
464,1,6,216,4,1,0,0.6169154228855721,0.819672131147541,8.0,0.13114754098360656,0,4,0,0,4
215,0,6,300,0,0,1,0.6169154228855721,0.819672131147541,5.0,0.13114754098360656,1,1,0,0,2
212,0,6,300,3,1,0,0.6169154228855721,0.819672131147541,6.666666666666667,0.13114754098360656,1,2,0,0,3
524,0,5,432,7,0,0,0.6169154228855721,0.819672131147541,7.0,0.13114754098360656,1,5,0,0,6
227,0,6,480,5,1,0,0.6169154228855721,0.819672131147541,6.8,0.13114754098360656,1,4,0,0,5
230,0,6,432,2,1,0,0.6169154228855721,0.819672131147541,6.666666666666667,0.13114754098360656,1,2,0,0,3
49,0,3,340,1,0,1,0.7967032967032966,0.375,5.0,0.041666666666666664,3,1,0,0,4
213,0,6,432,3,1,0,0.6169154228855721,0.819672131147541,6.0,0.13114754098360656,1,2,0,0,3
50,0,3,340,4,1,0,0.7967032967032966,0.375,6.0,0.041666666666666664,2,2,0,0,4
43,0,4,280,3,0,1,0.7967032967032966,0.375,5.333333333333333,0.041666666666666664,2,1,0,0,3
42,1,2,150,2,0,0,0.7967032967032966,0.375,6.666666666666667,0.041666666666666664,1,2,0,0,3
46,1,2,150,3,0,0,0.7967032967032966,0.375,5.333333333333333,0.041666666666666664,2,1,0,0,3
232,0,6,432,3,1,0,0.6169154228855721,0.819672131147541,7.666666666666667,0.13114754098360656,0,6,0,0,6
38,0,4,280,3,0,1,0.7967032967032966,0.375,6.0,0.041666666666666664,3,3,0,0,6
485,1,2,200,4,0,0,0.7967032967032966,0.375,5.333333333333333,0.041666666666666664,2,1,0,0,3
32,1,3,140,3,0,1,0.7967032967032966,0.375,5.333333333333333,0.041666666666666664,2,1,0,0,3
44,0,3,340,4,0,1,0.7967032967032966,0.375,5.0,0.041666666666666664,3,1,0,0,4
435,0,2,340,4,0,0,0.7967032967032966,0.375,6.0,0.041666666666666664,2,3,0,0,5
34,1,3,180,2,0,1,0.7967032967032966,0.375,5.333333333333333,0.041666666666666664,2,1,0,0,3
52,0,2,280,1,0,0,0.7967032967032966,0.375,8.0,0.041666666666666664,0,2,0,0,2
35,0,3,270,3,0,1,0.7967032967032966,0.375,5.333333333333333,0.041666666666666664,2,1,0,0,3
48,1,3,200,3,0,1,0.7967032967032966,0.375,4.666666666666667,0.041666666666666664,2,1,0,0,3
40,1,2,150,3,0,0,0.7967032967032966,0.375,5.333333333333333,0.041666666666666664,2,1,0,0,3
226,1,5,210,4,0,0,0.6169154228855721,0.819672131147541,8.0,0.13114754098360656,0,4,0,0,4
313,1,6,216,4,1,0,0.6169154228855721,0.819672131147541,7.5,0.13114754098360656,0,4,0,0,4
38,0,4,280,4,0,1,0.8071979434447301,0.40384615384615385,5.6,0.038461538461538464,3,2,0,0,5
42,1,2,150,3,0,0,0.8071979434447301,0.40384615384615385,5.333333333333333,0.038461538461538464,2,1,0,0,3
31,1,2,200,1,0,0,0.8071979434447301,0.40384615384615385,6.666666666666667,0.038461538461538464,1,2,0,0,3
43,0,4,280,3,0,1,0.8071979434447301,0.40384615384615385,5.333333333333333,0.038461538461538464,2,1,0,0,3
524,0,5,432,6,0,0,0.8093626621545403,0.53125,7.0,0.09375,1,5,0,0,6
40,0,2,340,3,0,0,0.8071979434447301,0.40384615384615385,6.4,0.038461538461538464,2,3,0,0,5
212,0,6,300,4,1,0,0.8093626621545403,0.53125,10.0,0.09375,1,2,0,2,5
49,0,3,340,2,0,1,0.8071979434447301,0.40384615384615385,5.0,0.038461538461538464,3,1,0,0,4
52,0,2,280,2,0,0,0.8071979434447301,0.40384615384615385,6.0,0.038461538461538464,1,1,0,0,2
50,0,3,340,4,1,0,0.8071979434447301,0.40384615384615385,5.6,0.038461538461538464,3,2,0,0,5
34,1,3,180,2,0,1,0.8071979434447301,0.40384615384615385,6.666666666666667,0.038461538461538464,1,2,0,0,3
435,0,2,340,4,0,0,0.8071979434447301,0.40384615384615385,5.666666666666667,0.038461538461538464,3,3,0,0,6
211,0,6,300,5,0,1,0.8093626621545403,0.53125,15.0,0.09375,0,0,0,5,5
32,1,3,140,3,0,1,0.8071979434447301,0.40384615384615385,5.333333333333333,0.038461538461538464,2,1,0,0,3
46,0,2,350,3,0,0,0.8071979434447301,0.40384615384615385,5.6,0.038461538461538464,3,2,0,0,5
485,0,2,340,4,0,0,0.8071979434447301,0.40384615384615385,5.0,0.038461538461538464,3,1,0,0,4
232,0,6,432,5,1,0,0.8093626621545403,0.53125,7.5,0.09375,0,4,0,0,4
230,0,6,432,6,1,0,0.8093626621545403,0.53125,10.833333333333334,0.09375,1,2,0,3,6
228,0,6,480,5,1,0,0.8093626621545403,0.53125,10.8,0.09375,0,3,0,2,5
48,0,3,330,3,0,1,0.8071979434447301,0.40384615384615385,6.0,0.038461538461538464,2,3,0,0,5
313,1,6,216,4,1,0,0.8093626621545403,0.53125,7.5,0.09375,0,4,0,0,4
464,1,6,216,4,1,0,0.8093626621545403,0.53125,8.0,0.09375,0,4,0,0,4
214,0,6,432,1,0,1,0.8093626621545403,0.53125,7.0,0.09375,1,5,0,0,6
215,0,6,300,2,0,1,0.8093626621545403,0.53125,15.0,0.09375,0,0,0,4,4
216,0,6,300,2,1,0,0.8093626621545403,0.53125,6.0,0.09375,1,2,0,0,3
218,0,6,432,6,1,0,0.8093626621545403,0.53125,11.428571428571429,0.09375,1,2,0,4,7
219,0,6,432,6,1,0,0.8093626621545403,0.53125,11.5,0.09375,0,3,0,2,6
221,0,6,480,6,1,0,0.8093626621545403,0.53125,6.333333333333333,0.09375,2,4,0,0,6
222,0,7,432,2,1,0,0.8093626621545403,0.53125,15.0,0.09375,0,0,0,7,7
224,0,6,432,0,1,0,0.8093626621545403,0.53125,10.5,0.09375,1,2,0,3,6
225,0,6,402,1,1,0,0.8093626621545403,0.53125,4.0,0.09375,1,0,0,0,1
226,1,5,210,4,0,0,0.8093626621545403,0.53125,8.0,0.09375,0,4,0,0,4
220,0,6,432,7,1,0,0.8093626621545403,0.53125,6.571428571428571,0.09375,2,5,0,0,7
40,1,2,150,3,0,0,0.9475218658892128,0.39285714285714285,5.333333333333333,0.05357142857142857,2,1,0,0,3
46,1,2,150,3,0,0,0.9475218658892128,0.39285714285714285,5.333333333333333,0.05357142857142857,2,1,0,0,3
31,1,2,200,2,0,0,0.9475218658892128,0.39285714285714285,6.0,0.05357142857142857,2,2,0,0,4
39,1,2,200,3,0,0,0.9475218658892128,0.39285714285714285,6.0,0.05357142857142857,2,2,0,0,4
38,0,4,280,4,0,1,0.9475218658892128,0.39285714285714285,6.0,0.05357142857142857,3,3,0,0,6
52,0,2,280,1,0,0,0.9475218658892128,0.39285714285714285,7.0,0.05357142857142857,1,3,0,0,4
485,0,2,340,5,0,0,0.9475218658892128,0.39285714285714285,5.333333333333333,0.05357142857142857,4,2,0,0,6
35,0,3,270,3,0,1,0.9475218658892128,0.39285714285714285,5.333333333333333,0.05357142857142857,2,1,0,0,3
48,1,3,200,3,0,1,0.9475218658892128,0.39285714285714285,4.666666666666667,0.05357142857142857,2,1,0,0,3
34,1,3,200,3,0,1,0.9475218658892128,0.39285714285714285,5.6,0.05357142857142857,3,2,0,0,5
49,0,3,340,2,0,1,0.9475218658892128,0.39285714285714285,5.75,0.05357142857142857,4,4,0,0,8
227,0,6,480,6,1,0,0.8463316002310803,0.494949494949495,7.285714285714286,0.09090909090909091,2,4,0,1,7
32,1,3,140,3,0,1,0.9475218658892128,0.39285714285714285,6.0,0.05357142857142857,2,2,0,0,4
50,0,3,340,4,1,0,0.9475218658892128,0.39285714285714285,6.0,0.05357142857142857,3,3,0,0,6
435,0,2,340,5,0,0,0.9475218658892128,0.39285714285714285,4.666666666666667,0.05357142857142857,2,1,0,0,3
232,0,6,432,5,1,0,0.8463316002310803,0.494949494949495,8.833333333333334,0.09090909090909091,0,5,0,1,6
218,0,6,432,7,1,0,0.8463316002310803,0.494949494949495,12.0,0.09090909090909091,1,1,0,4,6
220,0,6,432,7,1,0,0.8463316002310803,0.494949494949495,6.571428571428571,0.09090909090909091,2,5,0,0,7
225,0,6,402,1,1,0,0.8463316002310803,0.494949494949495,9.5,0.09090909090909091,1,0,0,1,2
219,0,6,432,7,1,0,0.8463316002310803,0.494949494949495,11.0,0.09090909090909091,0,4,0,2,7
216,0,6,300,1,1,0,0.8463316002310803,0.494949494949495,4.666666666666667,0.09090909090909091,2,1,0,0,3
215,0,6,300,2,0,1,0.8463316002310803,0.494949494949495,15.0,0.09090909090909091,0,0,0,4,4
214,0,6,432,0,0,1,0.8463316002310803,0.494949494949495,8.833333333333334,0.09090909090909091,0,5,0,1,6
212,0,6,300,4,1,0,0.8463316002310803,0.494949494949495,10.0,0.09090909090909091,1,2,0,2,5
211,0,6,300,5,0,1,0.8463316002310803,0.494949494949495,15.0,0.09090909090909091,0,0,0,5,5
524,0,5,432,6,0,0,0.8463316002310803,0.494949494949495,7.142857142857143,0.09090909090909091,1,6,0,0,7
221,0,6,480,6,1,0,0.8463316002310803,0.494949494949495,8.571428571428571,0.09090909090909091,2,3,0,2,7
222,0,7,432,3,1,0,0.8463316002310803,0.494949494949495,15.0,0.09090909090909091,0,0,0,7,7
226,1,5,210,4,0,0,0.8463316002310803,0.494949494949495,8.0,0.09090909090909091,0,4,0,0,4
464,1,6,216,4,1,0,0.8463316002310803,0.494949494949495,8.0,0.09090909090909091,0,4,0,0,4
228,0,6,480,6,1,0,0.8463316002310803,0.494949494949495,11.5,0.09090909090909091,0,3,0,2,6
230,0,6,432,6,1,0,0.8463316002310803,0.494949494949495,10.833333333333334,0.09090909090909091,1,2,0,3,6
218,0,6,480,5,1,0,0.7561846467737822,0.47,12.8,0.09,1,0,0,4,5
227,0,6,432,6,1,0,0.7561846467737822,0.47,9.142857142857142,0.09,1,4,0,2,7
524,0,5,432,7,0,0,0.7561846467737822,0.47,8.142857142857142,0.09,1,5,0,1,7
211,0,6,300,5,0,1,0.7561846467737822,0.47,15.0,0.09,0,0,0,4,4
212,0,6,300,4,1,0,0.7561846467737822,0.47,8.75,0.09,1,2,0,1,4
215,0,6,300,2,0,1,0.7561846467737822,0.47,15.0,0.09,0,0,0,2,2
216,0,6,300,2,1,0,0.7561846467737822,0.47,3.0,0.09,2,0,0,0,2
464,1,6,216,4,1,0,0.7561846467737822,0.47,8.0,0.09,0,4,0,0,4
313,1,6,216,4,1,0,0.7561846467737822,0.47,7.5,0.09,0,4,0,0,4
226,1,5,210,4,0,0,0.7561846467737822,0.47,8.0,0.09,0,4,0,0,4
225,0,6,402,1,1,0,0.7561846467737822,0.47,4.0,0.09,1,0,0,0,1
213,0,6,432,6,1,0,0.7561846467737822,0.47,10.5,0.09,1,2,0,3,6
217,0,7,300,5,1,0,0.7561846467737822,0.47,15.0,0.09,0,0,0,5,5
221,0,6,432,6,1,0,0.7561846467737822,0.47,8.571428571428571,0.09,2,3,0,2,7
220,0,6,480,7,1,0,0.7561846467737822,0.47,6.571428571428571,0.09,2,5,0,0,7
219,0,6,432,6,1,0,0.7561846467737822,0.47,11.5,0.09,0,3,0,2,6
210,0,6,402,1,1,0,0.7561846467737822,0.47,8.0,0.09,0,1,0,0,1
222,0,7,432,3,1,0,0.7561846467737822,0.47,15.0,0.09,0,0,0,7,7
44,0,3,340,4,0,1,0.8763440860215054,0.35185185185185186,5.333333333333333,0.05555555555555555,2,1,0,0,3
230,0,6,432,6,1,0,0.7561846467737822,0.47,10.833333333333334,0.09,1,2,0,3,6
38,0,4,280,4,0,1,0.8763440860215054,0.35185185185185186,5.6,0.05555555555555555,3,2,0,0,5
49,1,3,140,2,0,1,0.8763440860215054,0.35185185185185186,5.5,0.05555555555555555,2,2,0,0,4
48,0,3,330,3,0,1,0.8763440860215054,0.35185185185185186,4.4,0.05555555555555555,4,1,0,0,5
50,0,3,340,4,1,0,0.8763440860215054,0.35185185185185186,5.6,0.05555555555555555,3,2,0,0,5
52,0,2,280,1,0,0,0.8763440860215054,0.35185185185185186,8.0,0.05555555555555555,0,3,0,0,3
39,1,2,200,3,0,0,0.8763440860215054,0.35185185185185186,6.0,0.05555555555555555,2,2,0,0,4
43,0,4,280,3,0,1,0.8763440860215054,0.35185185185185186,6.0,0.05555555555555555,2,2,0,0,4
46,1,2,150,3,0,0,0.8763440860215054,0.35185185185185186,5.333333333333333,0.05555555555555555,2,1,0,0,3
485,0,2,340,5,0,0,0.8763440860215054,0.35185185185185186,5.6,0.05555555555555555,3,2,0,0,5
34,0,3,340,3,0,1,0.8763440860215054,0.35185185185185186,5.0,0.05555555555555555,4,2,0,0,6
40,1,2,150,2,0,0,0.8763440860215054,0.35185185185185186,5.333333333333333,0.05555555555555555,2,1,0,0,3
42,1,2,150,2,0,0,0.8763440860215054,0.35185185185185186,4.0,0.05555555555555555,2,0,0,0,2
29,1,3,200,2,1,0,0.8763440860215054,0.35185185185185186,5.333333333333333,0.05555555555555555,2,1,0,0,3
232,0,6,480,5,1,0,0.7561846467737822,0.47,7.6,0.09,0,5,0,0,5
31,1,2,200,3,0,0,0.8763440860215054,0.35185185185185186,5.333333333333333,0.05555555555555555,2,1,0,0,3
228,0,6,432,6,1,0,0.7561846467737822,0.47,11.5,0.09,0,3,0,2,6
44,0,3,340,4,0,1,0.8960674157303371,0.37037037037037035,4.8,0.037037037037037035,4,1,0,0,5
34,1,3,180,3,0,1,0.8960674157303371,0.37037037037037035,5.333333333333333,0.037037037037037035,2,1,0,0,3
35,0,3,270,3,0,1,0.8960674157303371,0.37037037037037035,5.0,0.037037037037037035,3,1,0,0,4
48,1,3,200,3,0,1,0.8960674157303371,0.37037037037037035,4.666666666666667,0.037037037037037035,2,1,0,0,3
50,0,3,340,4,1,0,0.8960674157303371,0.37037037037037035,5.0,0.037037037037037035,4,2,0,0,6
52,0,2,280,1,0,0,0.8960674157303371,0.37037037037037035,8.0,0.037037037037037035,0,3,0,0,3
227,0,6,432,6,1,0,0.7765876052027544,0.46078431372549017,8.2,0.08823529411764706,1,3,0,1,5
46,1,2,150,3,0,0,0.8960674157303371,0.37037037037037035,6.0,0.037037037037037035,2,2,0,0,4
313,1,6,216,4,1,0,0.7765876052027544,0.46078431372549017,7.5,0.08823529411764706,0,4,0,0,4
226,1,5,210,4,0,0,0.7765876052027544,0.46078431372549017,8.0,0.08823529411764706,0,4,0,0,4
225,0,6,402,1,1,0,0.7765876052027544,0.46078431372549017,4.0,0.08823529411764706,1,0,0,0,1
213,0,6,432,6,1,0,0.7765876052027544,0.46078431372549017,10.5,0.08823529411764706,1,2,0,3,6
223,0,6,480,5,1,0,0.7765876052027544,0.46078431372549017,13.0,0.08823529411764706,0,2,0,5,7
222,0,7,432,4,1,0,0.7765876052027544,0.46078431372549017,11.166666666666666,0.08823529411764706,0,3,0,3,6
221,0,6,432,6,1,0,0.7765876052027544,0.46078431372549017,7.5,0.08823529411764706,2,3,0,1,6
220,0,6,480,5,1,0,0.7765876052027544,0.46078431372549017,6.333333333333333,0.08823529411764706,2,4,0,0,6
219,0,6,432,6,1,0,0.7765876052027544,0.46078431372549017,10.333333333333334,0.08823529411764706,0,4,0,1,6
218,0,6,480,6,1,0,0.7765876052027544,0.46078431372549017,12.428571428571429,0.08823529411764706,1,1,0,5,7
210,0,6,402,1,1,0,0.7765876052027544,0.46078431372549017,8.0,0.08823529411764706,0,1,0,0,1
217,0,7,300,5,1,0,0.7765876052027544,0.46078431372549017,15.0,0.08823529411764706,0,0,0,5,5
216,0,6,300,2,1,0,0.7765876052027544,0.46078431372549017,3.0,0.08823529411764706,2,0,0,0,2
215,0,6,300,4,0,1,0.7765876052027544,0.46078431372549017,15.0,0.08823529411764706,0,0,0,4,4
212,0,6,300,4,1,0,0.7765876052027544,0.46078431372549017,8.75,0.08823529411764706,1,2,0,1,4
211,0,6,300,5,0,1,0.7765876052027544,0.46078431372549017,15.0,0.08823529411764706,0,0,0,5,5
524,0,5,432,7,0,0,0.7765876052027544,0.46078431372549017,8.142857142857142,0.08823529411764706,1,5,0,1,7
464,1,6,216,4,1,0,0.7765876052027544,0.46078431372549017,8.0,0.08823529411764706,0,4,0,0,4
39,1,2,200,3,0,0,0.8960674157303371,0.37037037037037035,5.333333333333333,0.037037037037037035,2,1,0,0,3
49,1,3,140,3,0,1,0.8960674157303371,0.37037037037037035,6.666666666666667,0.037037037037037035,1,2,0,0,3
230,0,6,432,6,1,0,0.7765876052027544,0.46078431372549017,10.833333333333334,0.08823529411764706,1,2,0,3,6
485,1,2,200,5,0,0,0.8960674157303371,0.37037037037037035,5.333333333333333,0.037037037037037035,2,1,0,0,3
40,1,2,150,2,0,0,0.8960674157303371,0.37037037037037035,5.333333333333333,0.037037037037037035,2,1,0,0,3
31,1,2,200,3,0,0,0.8960674157303371,0.37037037037037035,5.333333333333333,0.037037037037037035,2,1,0,0,3
43,0,4,280,3,0,1,0.8960674157303371,0.37037037037037035,6.0,0.037037037037037035,2,2,0,0,4
42,1,2,150,2,0,0,0.8960674157303371,0.37037037037037035,6.0,0.037037037037037035,2,2,0,0,4
29,1,3,200,2,1,0,0.8960674157303371,0.37037037037037035,5.333333333333333,0.037037037037037035,2,1,0,0,3
228,0,6,432,6,1,0,0.7765876052027544,0.46078431372549017,11.5,0.08823529411764706,0,3,0,2,6
38,0,4,280,4,0,1,0.8960674157303371,0.37037037037037035,5.6,0.037037037037037035,3,2,0,0,5
38,0,4,280,4,0,1,0.9842767295597484,0.38181818181818183,5.333333333333333,0.03636363636363636,4,2,0,0,6
435,0,2,340,4,0,0,0.9842767295597484,0.38181818181818183,6.25,0.03636363636363636,3,5,0,0,8
44,0,3,340,4,0,1,0.9842767295597484,0.38181818181818183,4.8,0.03636363636363636,4,1,0,0,5
39,1,2,200,3,0,0,0.9842767295597484,0.38181818181818183,6.0,0.03636363636363636,2,2,0,0,4
46,0,2,350,3,0,0,0.9842767295597484,0.38181818181818183,5.714285714285714,0.03636363636363636,4,3,0,0,7
485,0,2,340,5,0,0,0.9842767295597484,0.38181818181818183,5.5,0.03636363636363636,5,3,0,0,8
40,0,2,340,3,0,0,0.9842767295597484,0.38181818181818183,5.714285714285714,0.03636363636363636,4,3,0,0,7
31,1,2,200,3,0,0,0.9842767295597484,0.38181818181818183,5.333333333333333,0.03636363636363636,2,1,0,0,3
43,0,4,280,3,0,1,0.9842767295597484,0.38181818181818183,6.0,0.03636363636363636,2,2,0,0,4
48,0,3,330,4,0,1,0.9842767295597484,0.38181818181818183,5.0,0.03636363636363636,4,2,0,0,6
34,1,3,180,3,0,1,0.9842767295597484,0.38181818181818183,5.333333333333333,0.03636363636363636,2,1,0,0,3
225,0,6,402,1,1,0,0.7906146391226728,0.44761904761904764,4.0,0.08571428571428572,1,0,0,0,1
230,0,6,432,6,1,0,0.7906146391226728,0.44761904761904764,10.833333333333334,0.08571428571428572,1,2,0,3,6
524,0,5,432,7,0,0,0.7906146391226728,0.44761904761904764,8.142857142857142,0.08571428571428572,1,5,0,1,7
211,0,6,300,5,0,1,0.7906146391226728,0.44761904761904764,15.0,0.08571428571428572,0,0,0,5,5
212,0,6,300,4,1,0,0.7906146391226728,0.44761904761904764,8.75,0.08571428571428572,1,2,0,1,4
215,0,6,300,5,0,1,0.7906146391226728,0.44761904761904764,15.0,0.08571428571428572,0,0,0,5,5
232,0,6,480,5,1,0,0.7906146391226728,0.44761904761904764,7.666666666666667,0.08571428571428572,0,6,0,0,6
217,0,7,300,5,1,0,0.7906146391226728,0.44761904761904764,15.0,0.08571428571428572,0,0,0,5,5
210,0,6,402,1,1,0,0.7906146391226728,0.44761904761904764,8.0,0.08571428571428572,0,1,0,0,1
218,0,6,480,6,1,0,0.7906146391226728,0.44761904761904764,10.857142857142858,0.08571428571428572,2,1,0,4,7
219,0,6,432,6,1,0,0.7906146391226728,0.44761904761904764,11.5,0.08571428571428572,0,3,0,2,6
216,0,6,300,3,1,0,0.7906146391226728,0.44761904761904764,5.75,0.08571428571428572,3,0,0,1,4
222,0,7,432,4,1,0,0.7906146391226728,0.44761904761904764,12.2,0.08571428571428572,0,2,0,3,5
223,0,6,480,5,1,0,0.7906146391226728,0.44761904761904764,12.375,0.08571428571428572,0,3,0,5,8
213,0,6,432,6,1,0,0.7906146391226728,0.44761904761904764,10.5,0.08571428571428572,1,2,0,3,6
228,0,6,432,5,1,0,0.7906146391226728,0.44761904761904764,12.2,0.08571428571428572,0,2,0,2,5
226,1,5,210,4,0,0,0.7906146391226728,0.44761904761904764,8.0,0.08571428571428572,0,4,0,0,4
313,1,6,216,4,1,0,0.7906146391226728,0.44761904761904764,7.5,0.08571428571428572,0,4,0,0,4
464,1,6,216,4,1,0,0.7906146391226728,0.44761904761904764,8.0,0.08571428571428572,0,4,0,0,4
227,0,6,432,7,1,0,0.7906146391226728,0.44761904761904764,9.142857142857142,0.08571428571428572,1,4,0,2,7
221,0,6,432,5,1,0,0.7906146391226728,0.44761904761904764,7.4,0.08571428571428572,2,2,0,1,5
40,1,2,150,3,0,0,0.9728813559322034,0.375,5.0,0.03571428571428571,3,1,0,0,4
485,0,2,340,4,0,0,0.9728813559322034,0.375,5.0,0.03571428571428571,4,2,0,0,6
46,1,2,150,3,0,0,0.9728813559322034,0.375,5.333333333333333,0.03571428571428571,2,1,0,0,3
39,1,2,200,3,0,0,0.9728813559322034,0.375,5.0,0.03571428571428571,3,1,0,0,4
34,1,3,200,3,0,1,0.9728813559322034,0.375,5.714285714285714,0.03571428571428571,4,3,0,0,7
52,0,2,280,1,0,0,0.9728813559322034,0.375,8.0,0.03571428571428571,0,2,0,0,2
35,0,3,270,3,0,1,0.9728813559322034,0.375,5.6,0.03571428571428571,3,2,0,0,5
435,0,2,340,4,0,0,0.9728813559322034,0.375,5.555555555555555,0.03571428571428571,5,4,0,0,9
44,0,3,340,5,0,1,0.9728813559322034,0.375,5.5,0.03571428571428571,5,3,0,0,8
31,1,2,200,3,0,0,0.9728813559322034,0.375,5.333333333333333,0.03571428571428571,2,1,0,0,3
38,0,4,280,4,0,1,0.9728813559322034,0.375,6.0,0.03571428571428571,3,3,0,0,6
29,1,3,200,3,1,0,0.9728813559322034,0.375,5.0,0.03571428571428571,3,1,0,0,4
213,0,6,432,6,1,0,0.8864954432477217,0.44642857142857145,9.5,0.08928571428571429,2,1,0,3,6
313,1,6,216,4,1,0,0.8864954432477217,0.44642857142857145,7.5,0.08928571428571429,0,4,0,0,4
232,0,6,480,7,1,0,0.8864954432477217,0.44642857142857145,7.714285714285714,0.08928571428571429,0,7,0,0,7
230,0,6,432,7,1,0,0.8864954432477217,0.44642857142857145,11.428571428571429,0.08928571428571429,1,2,0,4,7
227,0,6,432,8,1,0,0.8864954432477217,0.44642857142857145,10.75,0.08928571428571429,1,3,0,4,8
464,1,6,216,4,1,0,0.8864954432477217,0.44642857142857145,8.0,0.08928571428571429,0,4,0,0,4
226,1,5,210,4,0,0,0.8864954432477217,0.44642857142857145,8.0,0.08928571428571429,0,4,0,0,4
225,0,6,402,2,1,0,0.8864954432477217,0.44642857142857145,7.666666666666667,0.08928571428571429,2,0,0,1,3
222,0,7,432,4,1,0,0.8864954432477217,0.44642857142857145,11.428571428571429,0.08928571428571429,1,2,0,4,7
221,0,6,432,6,1,0,0.8864954432477217,0.44642857142857145,8.571428571428571,0.08928571428571429,2,3,0,2,7
223,0,6,480,5,1,0,0.8864954432477217,0.44642857142857145,15.0,0.08928571428571429,0,0,0,9,9
219,0,6,432,7,1,0,0.8864954432477217,0.44642857142857145,11.0,0.08928571428571429,0,4,0,2,7
210,0,6,402,1,1,0,0.8864954432477217,0.44642857142857145,11.5,0.08928571428571429,0,1,0,1,2
217,0,7,300,5,1,0,0.8864954432477217,0.44642857142857145,15.0,0.08928571428571429,0,0,0,5,5
216,0,6,300,5,1,0,0.8864954432477217,0.44642857142857145,7.4,0.08928571428571429,2,2,0,1,5
215,0,6,300,5,0,1,0.8864954432477217,0.44642857142857145,15.0,0.08928571428571429,0,0,0,5,5
228,0,6,432,6,1,0,0.8864954432477217,0.44642857142857145,12.0,0.08928571428571429,0,3,0,3,7
524,0,5,432,7,0,0,0.8864954432477217,0.44642857142857145,8.142857142857142,0.08928571428571429,1,5,0,1,7
220,0,6,480,8,1,0,0.8864954432477217,0.44642857142857145,7.625,0.08928571428571429,2,5,0,1,8
220,0,6,480,7,1,0,0.8313570487483531,0.44954128440366975,6.571428571428571,0.09174311926605505,2,5,0,0,7
29,1,3,200,3,1,0,0.9081081081081082,0.40350877192982454,5.333333333333333,0.03508771929824561,2,1,0,0,3
218,0,6,480,5,1,0,0.8313570487483531,0.44954128440366975,11.4,0.09174311926605505,1,1,0,3,5
219,0,6,432,7,1,0,0.8313570487483531,0.44954128440366975,11.0,0.09174311926605505,0,4,0,2,7
221,0,6,432,7,1,0,0.8313570487483531,0.44954128440366975,7.0,0.09174311926605505,3,3,0,1,7
35,0,3,270,3,0,1,0.9081081081081082,0.40350877192982454,5.0,0.03508771929824561,3,1,0,0,4
223,0,6,480,5,1,0,0.8313570487483531,0.44954128440366975,13.0,0.09174311926605505,0,2,0,5,7
225,0,6,402,1,1,0,0.8313570487483531,0.44954128440366975,6.0,0.09174311926605505,2,2,0,0,4
213,0,6,432,6,1,0,0.8313570487483531,0.44954128440366975,9.5,0.09174311926605505,2,1,0,3,6
31,1,2,200,3,0,0,0.9081081081081082,0.40350877192982454,5.333333333333333,0.03508771929824561,2,1,0,0,3
222,0,7,432,4,1,0,0.8313570487483531,0.44954128440366975,11.5,0.09174311926605505,0,3,0,3,6
485,0,2,340,5,0,0,0.9081081081081082,0.40350877192982454,5.6,0.03508771929824561,3,2,0,0,5
32,1,3,140,2,0,1,0.9081081081081082,0.40350877192982454,5.333333333333333,0.03508771929824561,2,1,0,0,3
43,0,4,280,2,0,1,0.9081081081081082,0.40350877192982454,6.0,0.03508771929824561,2,2,0,0,4
39,1,2,200,3,0,0,0.9081081081081082,0.40350877192982454,5.333333333333333,0.03508771929824561,2,1,0,0,3
38,0,4,280,3,0,1,0.9081081081081082,0.40350877192982454,6.4,0.03508771929824561,2,3,0,0,5
52,0,2,280,2,0,0,0.9081081081081082,0.40350877192982454,8.0,0.03508771929824561,0,3,0,0,3
48,0,3,330,4,0,1,0.9081081081081082,0.40350877192982454,5.2,0.03508771929824561,3,2,0,0,5
210,0,6,402,1,1,0,0.8313570487483531,0.44954128440366975,8.0,0.09174311926605505,0,1,0,0,1
435,0,2,340,4,0,0,0.9081081081081082,0.40350877192982454,6.0,0.03508771929824561,3,4,0,0,7
44,0,3,340,5,0,1,0.9081081081081082,0.40350877192982454,5.142857142857143,0.03508771929824561,5,2,0,0,7
226,1,5,210,4,0,0,0.8313570487483531,0.44954128440366975,8.0,0.09174311926605505,0,4,0,0,4
40,1,2,150,3,0,0,0.9081081081081082,0.40350877192982454,5.0,0.03508771929824561,3,1,0,0,4
614,1,2,200,1,0,0,0.9081081081081082,0.40350877192982454,5.333333333333333,0.03508771929824561,2,1,0,0,3
46,1,2,150,3,0,0,0.9081081081081082,0.40350877192982454,5.333333333333333,0.03508771929824561,2,1,0,0,3
313,1,6,216,4,1,0,0.8313570487483531,0.44954128440366975,7.5,0.09174311926605505,0,4,0,0,4
217,0,7,300,5,1,0,0.8313570487483531,0.44954128440366975,15.0,0.09174311926605505,0,0,0,5,5
227,0,6,432,8,1,0,0.8313570487483531,0.44954128440366975,11.142857142857142,0.09174311926605505,1,2,0,4,7
228,0,6,432,6,1,0,0.8313570487483531,0.44954128440366975,11.5,0.09174311926605505,0,3,0,2,6
230,0,6,432,7,1,0,0.8313570487483531,0.44954128440366975,11.875,0.09174311926605505,1,2,0,5,8
232,0,6,480,6,1,0,0.8313570487483531,0.44954128440366975,7.333333333333333,0.09174311926605505,0,6,0,0,6
211,0,6,300,5,0,1,0.8313570487483531,0.44954128440366975,15.0,0.09174311926605505,0,0,0,5,5
215,0,6,300,5,0,1,0.8313570487483531,0.44954128440366975,15.0,0.09174311926605505,0,0,0,5,5
216,0,6,300,5,1,0,0.8313570487483531,0.44954128440366975,7.4,0.09174311926605505,2,2,0,1,5
464,1,6,216,4,1,0,0.8313570487483531,0.44954128440366975,8.0,0.09174311926605505,0,4,0,0,4
221,0,6,432,7,1,0,0.793107817053085,0.45871559633027525,7.0,0.09174311926605505,3,3,0,1,7
223,0,6,432,6,1,0,0.793107817053085,0.45871559633027525,12.666666666666666,0.09174311926605505,0,2,0,4,6
213,0,6,480,6,1,0,0.793107817053085,0.45871559633027525,9.5,0.09174311926605505,2,1,0,3,6
224,0,6,432,0,1,0,0.793107817053085,0.45871559633027525,11.428571428571429,0.09174311926605505,1,2,0,4,7
225,0,6,402,1,1,0,0.793107817053085,0.45871559633027525,4.0,0.09174311926605505,1,0,0,0,1
226,1,5,210,4,0,0,0.793107817053085,0.45871559633027525,8.0,0.09174311926605505,0,4,0,0,4
313,1,6,216,4,1,0,0.793107817053085,0.45871559633027525,7.5,0.09174311926605505,0,4,0,0,4
232,0,6,432,6,1,0,0.793107817053085,0.45871559633027525,7.666666666666667,0.09174311926605505,0,6,0,0,6
228,0,6,432,6,1,0,0.793107817053085,0.45871559633027525,11.5,0.09174311926605505,0,3,0,2,6
218,0,6,432,7,1,0,0.793107817053085,0.45871559633027525,11.428571428571429,0.09174311926605505,1,2,0,4,7
210,0,6,402,1,1,0,0.793107817053085,0.45871559633027525,8.0,0.09174311926605505,0,1,0,0,1
217,0,7,315,5,1,0,0.793107817053085,0.45871559633027525,15.0,0.09174311926605505,0,0,0,5,5
216,0,6,300,4,1,0,0.793107817053085,0.45871559633027525,7.25,0.09174311926605505,2,1,0,1,4
